Date,Sell
2020-04-01,26506.55
2020-04-02,26506.55
2020-04-03,25936.23
2020-04-04,25936.23
2020-04-05,25936.23
2020-04-06,26018.95
2020-04-07,26121.77
2020-04-08,26190.96
2020-04-09,26147.94
2020-04-10,26261.2
2020-04-11,26261.2
2020-04-12,26261.2
2020-04-13,26238.79
2020-04-14,26253.96
2020-04-15,26301.22
2020-04-16,26131.39
2020-04-17,25989.23
2020-04-18,25989.23
2020-04-19,25989.23
2020-04-20,26091.42
2020-04-21,26026.56
2020-04-22,26092.03
2020-04-23,26054.09
2020-04-24,26034.9
2020-04-25,26034.9
2020-04-26,26034.9
2020-04-27,26085.72
2020-04-28,25993.86
2020-04-29,26024.47
2020-04-30,26024.47
2020-05-01,26024.47
2020-05-02,26024.47
2020-05-03,26024.47
2020-05-04,26230.0
2020-05-05,26166.02
2020-05-06,25971.69
2020-05-07,25870.41
2020-05-08,25931.5
2020-05-09,25931.5
2020-05-10,25931.5
2020-05-11,25922.11
2020-05-12,25868.66
2020-05-13,25974.58
2020-05-14,25882.74
2020-05-15,25869.28
2020-05-16,25869.28
2020-05-17,25869.28
2020-05-18,25866.27
2020-05-19,26085.99
2020-05-20,26079.56
2020-05-21,26155.84
2020-05-22,26006.53
2020-05-23,26006.53
2020-05-24,26006.53
2020-05-25,25993.82
2020-05-26,26066.29
2020-05-27,26204.85
2020-05-28,26294.58
2020-05-29,26438.96
2020-05-30,26438.96
2020-05-31,26438.96
2020-06-01,26528.25
2020-06-02,26513.95
2020-06-03,26692.66
2020-06-04,26733.17
2020-06-05,27050.38
2020-06-06,27050.38
2020-06-07,27050.38
2020-06-08,26896.23
2020-06-09,26750.16
2020-06-10,26968.72
2020-06-11,26993.8
2020-06-12,26860.53
2020-06-13,26860.53
2020-06-14,26860.53
2020-06-15,26782.0
2020-06-16,26940.99
2020-06-17,26783.08
2020-06-18,26718.91
2020-06-19,26656.29
2020-06-20,26656.29
2020-06-21,26656.29
2020-06-22,26594.45
2020-06-23,26792.24
2020-06-24,26925.09
2020-06-25,26709.4
2020-06-26,26687.62
2020-06-27,26687.62
2020-06-28,26687.62
2020-06-29,26757.94
2020-06-30,26651.95
2020-07-01,26678.5
2020-07-02,26735.54
2020-07-03,26709.4
2020-07-04,26709.4
2020-07-05,26709.4
2020-07-06,26821.43
2020-07-07,26904.58
2020-07-08,26790.21
2020-07-09,26980.6
2020-07-10,26757.62
2020-07-11,26757.62
2020-07-12,26757.62
2020-07-13,26857.36
2020-07-14,26935.72
2020-07-15,27101.95
2020-07-16,27092.25
2020-07-17,27094.63
2020-07-18,27094.63
2020-07-19,27094.63
2020-07-20,27120.76
2020-07-21,27211.04
2020-07-22,27398.78
2020-07-23,27460.52
2020-07-24,27576.88
2020-07-25,27576.88
2020-07-26,27576.88
2020-07-27,27757.35
2020-07-28,27947.33
2020-07-29,27828.59
2020-07-30,27966.32
2020-07-31,28177.67
2020-08-01,28177.67
2020-08-02,28177.67
2020-08-03,27904.58
2020-08-04,27906.96
2020-08-05,28042.31
2020-08-06,28213.29
2020-08-07,28201.41
2020-08-08,28201.41
2020-08-09,28201.41
2020-08-10,28001.94
2020-08-11,27833.34
2020-08-12,27849.97
2020-08-13,28068.43
2020-08-14,28049.44
2020-08-15,28049.44
2020-08-16,28049.44
2020-08-17,28127.8
2020-08-18,28239.41
2020-08-19,28365.27
2020-08-20,28118.3
2020-08-21,28189.54
2020-08-22,28189.54
2020-08-23,28189.54
2020-08-24,28004.32
2020-08-25,28006.69
2020-08-26,28087.43
2020-08-27,28087.43
2020-08-28,28056.56
2020-08-29,28056.56
2020-08-30,28056.56
2020-08-31,28263.16
2020-09-01,28348.64
2020-09-02,28348.64
2020-09-03,28099.3
2020-09-04,28144.42
2020-09-05,28144.42
2020-09-06,28144.42
2020-09-07,28104.05
2020-09-08,28030.44
2020-09-09,27956.83
2020-09-10,28044.69
2020-09-11,28101.68
2020-09-12,28101.68
2020-09-13,28101.68
2020-09-14,28120.68
2020-09-15,28180.04
2020-09-16,28101.68
2020-09-17,27985.32
2020-09-18,28156.3
2020-09-19,28156.3
2020-09-20,28156.3
2020-09-21,28158.67
2020-09-22,27985.32
2020-09-23,27747.94
2020-09-24,27728.94
2020-09-25,27695.68
2020-09-26,27695.68
2020-09-27,27695.68
2020-09-28,27595.9
2020-09-29,27736.06
2020-09-30,27802.47
2020-10-01,27897.61
2020-10-02,27876.23
2020-10-03,27876.23
2020-10-04,27876.23
2020-10-05,27881.11
2020-10-06,28014.21
2020-10-07,27935.78
2020-10-08,27961.75
2020-10-09,27968.7
2020-10-10,27968.7
2020-10-11,27968.7
2020-10-12,28056.56
2020-10-13,28006.69
2020-10-14,27899.83
2020-10-15,27909.33
2020-10-16,27809.6
2020-10-17,27809.6
2020-10-18,27809.6
2020-10-19,27791.73
2020-10-20,27963.95
2020-10-21,28094.56
2020-10-22,28123.05
2020-10-23,28018.57
2020-10-24,28018.57
2020-10-25,28018.57
2020-10-26,28118.3
2020-10-27,28054.19
2020-10-28,27973.45
2020-10-29,27909.33
2020-10-30,27721.73
2020-10-31,27721.73
2020-11-01,27721.73
2020-11-02,27635.04
2020-11-03,27663.53
2020-11-04,27790.48
2020-11-05,27864.21
2020-11-06,28082.68
2020-11-07,28082.68
2020-11-08,28082.68
2020-11-09,28233.32
2020-11-10,28051.81
2020-11-11,28075.56
2020-11-12,27971.07
2020-11-13,28035.19
2020-11-14,28035.19
2020-11-15,28035.19
2020-11-16,28115.67
2020-11-17,28163.14
2020-11-18,28153.92
2020-11-19,28101.68
2020-11-20,28185.84
2020-11-21,28185.84
2020-11-22,28185.84
2020-11-23,28160.19
2020-11-24,28089.31
2020-11-25,28222.17
2020-11-26,28329.3
2020-11-27,28269.96
2020-11-28,28269.96
2020-11-29,28269.96
2020-11-30,28363.75
2020-12-01,28309.23
2020-12-02,28603.18
2020-12-03,28700.37
2020-12-04,28768.54
2020-12-05,28768.54
2020-12-06,28768.54
2020-12-07,28735.36
2020-12-08,28692.71
2020-12-09,28697.45
2020-12-10,28628.73
2020-12-11,28773.28
2020-12-12,28773.28
2020-12-13,28773.28
2020-12-14,28721.15
2020-12-15,28794.6
2020-12-16,28785.12
2020-12-17,28898.86
2020-12-18,29045.77
2020-12-19,29045.77
2020-12-20,29045.77
2020-12-21,28859.45
2020-12-22,28977.06
2020-12-23,28832.51
2020-12-24,28910.71
2020-12-25,28841.99
2020-12-26,28841.99
2020-12-27,28841.99
2020-12-28,28975.53
2020-12-29,29003.12
2020-12-30,29059.43
2020-12-31,29064.91
2021-01-01,29064.91
2021-01-02,29064.91
2021-01-03,29064.91
2021-01-04,28950.62
2021-01-05,29015.22
2021-01-06,29078.35
2021-01-07,29072.86
2021-01-08,28924.83
2021-01-09,28924.83
2021-01-10,28924.83
2021-01-11,28796.42
2021-01-12,28729.39
2021-01-13,28849.93
2021-01-14,28745.94
2021-01-15,28727.03
2021-01-16,28727.03
2021-01-17,28727.03
2021-01-18,28537.96
2021-01-19,28471.21
2021-01-20,28579.5
2021-01-21,28506.52
2021-01-22,28661.04
2021-01-23,28661.04
2021-01-24,28661.04
2021-01-25,28640.71
2021-01-26,28565.38
2021-01-27,28636.0
2021-01-28,28454.17
2021-01-29,28474.76
2021-01-30,28474.76
2021-01-31,28474.76
2021-02-01,28514.14
2021-02-02,28383.69
2021-02-03,28297.31
2021-02-04,28273.29
2021-02-05,28053.93
2021-02-06,28053.93
2021-02-07,28053.93
2021-02-08,28202.53
2021-02-09,28497.68
2021-02-10,28497.68
2021-02-11,28497.68
2021-02-12,28497.68
2021-02-13,28497.68
2021-02-14,28497.68
2021-02-15,28497.68
2021-02-16,28497.68
2021-02-17,28340.27
2021-02-18,28267.51
2021-02-19,28403.36
2021-02-20,28403.36
2021-02-21,28403.36
2021-02-22,28484.7
2021-02-23,28581.67
2021-02-24,28567.57
2021-02-25,28566.92
2021-02-26,28538.08
2021-02-27,28538.08
2021-02-28,28538.08
2021-03-01,28393.09
2021-03-02,28294.96
2021-03-03,28407.77
2021-03-04,28327.31
2021-03-05,28103.65
2021-03-06,28103.65
2021-03-07,28103.65
2021-03-08,27943.19
2021-03-09,27858.51
2021-03-10,27931.43
2021-03-11,28030.21
2021-03-12,28185.45
2021-03-13,28185.45
2021-03-14,28185.45
2021-03-15,28137.34
2021-03-16,28098.28
2021-03-17,28021.57
2021-03-18,28209.9
2021-03-19,28028.63
2021-03-20,28028.63
2021-03-21,28028.63
2021-03-22,28000.74
2021-03-23,28099.65
2021-03-24,27875.61
2021-03-25,27834.05
2021-03-26,27747.67
2021-03-27,27747.67
2021-03-28,27747.67
2021-03-29,27727.3
2021-03-30,27703.75
2021-03-31,27609.78
2021-04-01,27604.88
2021-04-02,27724.94
2021-04-03,27724.94
2021-04-04,27724.94
2021-04-05,27694.34
2021-04-06,27831.43
2021-04-07,27965.74
2021-04-08,27956.31
2021-04-09,27990.96
2021-04-10,27990.96
2021-04-11,27990.96
2021-04-12,27976.84
2021-04-13,28023.92
2021-04-14,28153.82
2021-04-15,28219.32
2021-04-16,28174.59
2021-04-17,28174.59
2021-04-18,28174.59
2021-04-19,28204.24
2021-04-20,28354.01
2021-04-21,28354.01
2021-04-22,28340.81
2021-04-23,28276.75
2021-04-24,28276.75
2021-04-25,28276.75
2021-04-26,28484.17
2021-04-27,28406.55
2021-04-28,28411.26
2021-04-29,28538.27
2021-04-30,28538.27
2021-05-01,28538.27
2021-05-02,28538.27
2021-05-03,28538.27
2021-05-04,28367.1
2021-05-05,28289.94
2021-05-06,28235.33
2021-05-07,28398.23
2021-05-08,28398.23
2021-05-09,28398.23
2021-05-10,28623.59
2021-05-11,28553.0
2021-05-12,28553.0
2021-05-13,28451.24
2021-05-14,28474.76
2021-05-15,28474.76
2021-05-16,28474.76
2021-05-17,28532.95
2021-05-18,28733.5
2021-05-19,28749.96
2021-05-20,28705.27
2021-05-21,28752.31
2021-05-22,28752.31
2021-05-23,28752.31
2021-05-24,28694.19
2021-05-25,28750.66
2021-05-26,28809.49
2021-05-27,28674.69
2021-05-28,28660.58
2021-05-29,28660.58
2021-05-30,28660.58
2021-05-31,28656.72
2021-06-01,28748.43
2021-06-02,28741.38
2021-06-03,28645.8
2021-06-04,28493.58
2021-06-05,28493.58
2021-06-06,28493.58
2021-06-07,28502.55
2021-06-08,28548.72
2021-06-09,28518.27
2021-06-10,28486.41
2021-06-11,28517.56
2021-06-12,28517.56
2021-06-13,28517.56
2021-06-14,28334.89
2021-06-15,28435.59
2021-06-16,28384.07
2021-06-17,28080.14
2021-06-18,27993.33
2021-06-19,27993.33
2021-06-20,27993.33
2021-06-21,27883.34
2021-06-22,27956.55
2021-06-23,28043.08
2021-06-24,27999.95
2021-06-25,28028.55
2021-06-26,28028.55
2021-06-27,28028.55
2021-06-28,28005.49
2021-06-29,27993.75
2021-06-30,27953.81
2021-07-01,27819.58
2021-07-02,27793.41
2021-07-03,27793.41
2021-07-04,27793.41
2021-07-05,27835.66
2021-07-06,27838.0
2021-07-07,27746.79
2021-07-08,27686.02
2021-07-09,27776.98
2021-07-10,27776.98
2021-07-11,27776.98
2021-07-12,27852.8
2021-07-13,27878.64
2021-07-14,27781.34
2021-07-15,27951.57
2021-07-16,27866.29
2021-07-17,27866.29
2021-07-18,27866.29
2021-07-19,27854.79
2021-07-20,27807.84
2021-07-21,27819.65
2021-07-22,27826.46
2021-07-23,27776.62
2021-07-24,27776.62
2021-07-25,27776.62
2021-07-26,27760.11
2021-07-27,27854.49
2021-07-28,27833.98
2021-07-29,27893.24
2021-07-30,27963.1
2021-07-31,27963.1
2021-08-01,27963.1
2021-08-02,27927.8
2021-08-03,27937.21
2021-08-04,27903.87
2021-08-05,27835.65
2021-08-06,27790.61
2021-08-07,27790.61
2021-08-08,27790.61
2021-08-09,27623.66
2021-08-10,27561.7
2021-08-11,27401.65
2021-08-12,27446.41
2021-08-13,27486.86
2021-08-14,27486.86
2021-08-15,27486.86
2021-08-16,27623.02
2021-08-17,27571.5
2021-08-18,27418.34
2021-08-19,27345.83
2021-08-20,27339.1
2021-08-21,27339.1
2021-08-22,27339.1
2021-08-23,27389.55
2021-08-24,27478.5
2021-08-25,27434.39
2021-08-26,27478.07
2021-08-27,27494.81
2021-08-28,27494.81
2021-08-29,27494.81
2021-08-30,27548.15
2021-08-31,27617.79
2021-09-01,27619.09
2021-09-02,27619.09
2021-09-03,27619.09
2021-09-04,27619.09
2021-09-05,27619.09
2021-09-06,27701.85
2021-09-07,27727.03
2021-09-08,27662.15
2021-09-09,27622.46
2021-09-10,27608.45
2021-09-11,27608.45
2021-09-12,27608.45
2021-09-13,27559.41
2021-09-14,27568.75
2021-09-15,27575.32
2021-09-16,27577.66
2021-09-17,27477.69
2021-09-18,27477.69
2021-09-19,27477.69
2021-09-20,27350.6
2021-09-21,27384.29
2021-09-22,27360.6
2021-09-23,27278.92
2021-09-24,27400.28
2021-09-25,27400.28
2021-09-26,27400.28
2021-09-27,27346.6
2021-09-28,27286.23
2021-09-29,27262.58
2021-09-30,27080.53
2021-10-01,27003.51
2021-10-02,27003.51
2021-10-03,27003.51
2021-10-04,27080.53
2021-10-05,27099.2
2021-10-06,27059.53
2021-10-07,26975.51
2021-10-08,26970.84
2021-10-09,26970.84
2021-10-10,26970.84
2021-10-11,26987.17
2021-10-12,26942.66
2021-10-13,26928.83
2021-10-14,27064.19
2021-10-15,27129.36
2021-10-16,27129.36
2021-10-17,27129.36
2021-10-18,27112.98
2021-10-19,27194.9
2021-10-20,27214.67
2021-10-21,27273.18
2021-10-22,27205.31
2021-10-23,27205.31
2021-10-24,27205.31
2021-10-25,27258.1
2021-10-26,27151.49
2021-10-27,27151.49
2021-10-28,27118.72
2021-10-29,27339.72
2021-10-30,27339.72
2021-10-31,27339.72
2021-11-01,27030.88
2021-11-02,27129.15
2021-11-03,27079.59
2021-11-04,27062.04
2021-11-05,26945.19
2021-11-06,26945.19
2021-11-07,26945.19
2021-11-08,26928.65
2021-11-09,26986.91
2021-11-10,27012.55
2021-11-11,26724.52
2021-11-12,26643.0
2021-11-13,26643.0
2021-11-14,26643.0
2021-11-15,26658.2
2021-11-16,26462.53
2021-11-17,26360.03
2021-11-18,26360.03
2021-11-19,26482.35
2021-11-20,26482.35
2021-11-21,26482.35
2021-11-22,26283.04
2021-11-23,26207.22
2021-11-24,26216.44
2021-11-25,26134.93
2021-11-26,26141.92
2021-11-27,26141.92
2021-11-28,26141.92
2021-11-29,26317.89
2021-11-30,26394.8
2021-12-01,26476.54
2021-12-02,26443.75
2021-12-03,26487.38
2021-12-04,26487.38
2021-12-05,26487.38
2021-12-06,26833.35
2021-12-07,26810.14
2021-12-08,26663.78
2021-12-09,26765.01
2021-12-10,26703.53
2021-12-11,26703.53
2021-12-12,26703.53
2021-12-13,26725.01
2021-12-14,26653.64
2021-12-15,26674.18
2021-12-16,26778.82
2021-12-17,26774.81
2021-12-18,26774.81
2021-12-19,26774.81
2021-12-20,26515.96
2021-12-21,26575.49
2021-12-22,26628.56
2021-12-23,26772.6
2021-12-24,26660.53
2021-12-25,26660.53
2021-12-26,26660.53
2021-12-27,26550.85
2021-12-28,26606.79
2021-12-29,26573.89
2021-12-30,26490.08
2021-12-31,26546.33
2022-01-01,26546.33
2022-01-02,26546.33
2022-01-03,26546.33
2022-01-04,26494.77
2022-01-05,26412.98
2022-01-06,26483.24
2022-01-07,26415.76
2022-01-08,26415.76
2022-01-09,26415.76
2022-01-10,26436.9
2022-01-11,26469.54
2022-01-12,26558.29
2022-01-13,26721.78
2022-01-14,26756.91
2022-01-15,26756.91
2022-01-16,26756.91
2022-01-17,26649.42
2022-01-18,26656.5
2022-01-19,26492.89
2022-01-20,26471.9
2022-01-21,26364.7
2022-01-22,26364.7
2022-01-23,26364.7
2022-01-24,26401.93
2022-01-25,26311.12
2022-01-26,26315.8
2022-01-27,26164.36
2022-01-28,26003.22
2022-01-29,26003.22
2022-01-30,26003.22
2022-01-31,26003.22
2022-02-01,26003.22
2022-02-02,26003.22
2022-02-03,26003.22
2022-02-04,26003.22
2022-02-05,26003.22
2022-02-06,26003.22
2022-02-07,26663.17
2022-02-08,26684.6
2022-02-09,26639.98
2022-02-10,26646.92
2022-02-11,26590.96
2022-02-12,26590.96
2022-02-13,26590.96
2022-02-14,26495.17
2022-02-15,26497.36
2022-02-16,26567.54
2022-02-17,26616.6
2022-02-18,26712.54
2022-02-19,26712.54
2022-02-20,26712.54
2022-02-21,26677.56
2022-02-22,26539.12
2022-02-23,26609.34
2022-02-24,26498.99
2022-02-25,26238.36
2022-02-26,26238.36
2022-02-27,26238.36
2022-02-28,26259.73
2022-03-01,26273.81
2022-03-02,26094.49
2022-03-03,26115.64
2022-03-04,25948.79
2022-03-05,25948.79
2022-03-06,25948.79
2022-03-07,25551.06
2022-03-08,25534.6
2022-03-09,25654.5
2022-03-10,25976.99
2022-03-11,25858.13
2022-03-12,25858.13
2022-03-13,25858.13
2022-03-14,25685.24
2022-03-15,25791.23
2022-03-16,25798.8
2022-03-17,25973.01
2022-03-18,26049.11
2022-03-19,26049.11
2022-03-20,26049.11
2022-03-21,25996.96
2022-03-22,25826.12
2022-03-23,25947.11
2022-03-24,25894.37
2022-03-25,25900.48
2022-03-26,25900.48
2022-03-27,25900.48
2022-03-28,25786.11
2022-03-29,25831.76
2022-03-30,26133.78
2022-03-31,26242.54
2022-04-01,26009.89
2022-04-02,26009.89
2022-04-03,26009.89
2022-04-04,25962.89
2022-04-05,25796.95
2022-04-06,25629.88
2022-04-07,25656.31
2022-04-08,25555.18
2022-04-09,25555.18
2022-04-10,25555.18
2022-04-11,25555.18
2022-04-12,25557.2
2022-04-13,25457.45
2022-04-14,25710.59
2022-04-15,25467.91
2022-04-16,25467.91
2022-04-17,25467.91
2022-04-18,25453.92
2022-04-19,25507.76
2022-04-20,25533.04
2022-04-21,25600.72
2022-04-22,25514.96
2022-04-23,25514.96
2022-04-24,25514.96
2022-04-25,25492.96
2022-04-26,25358.19
2022-04-27,25029.75
2022-04-28,24885.91
2022-04-29,24825.2
2022-04-30,24825.2
2022-05-01,24825.2
2022-05-02,24825.2
2022-05-03,24825.2
2022-05-04,24872.13
2022-05-05,25072.45
2022-05-06,24883.55
2022-05-07,24883.55
2022-05-08,24883.55
2022-05-09,24818.11
2022-05-10,24938.09
2022-05-11,25040.67
2022-05-12,24807.14
2022-05-13,24655.1
2022-05-14,24655.1
2022-05-15,24655.1
2022-05-16,24723.99
2022-05-17,24892.92
2022-05-18,25010.81
2022-05-19,25002.05
2022-05-20,25217.23
2022-05-21,25217.23
2022-05-22,25217.23
2022-05-23,25238.69
2022-05-24,25587.89
2022-05-25,25566.4
2022-05-26,25536.3
2022-05-27,25622.23
2022-05-28,25622.23
2022-05-29,25622.23
2022-05-30,25599.27
2022-05-31,25642.21
2022-06-01,25584.04
2022-06-02,25437.44
2022-06-03,25677.13
2022-06-04,25677.13
2022-06-05,25677.13
2022-06-06,25557.23
2022-06-07,25488.79
2022-06-08,25520.53
2022-06-09,25503.3
2022-06-10,25353.12
2022-06-11,25353.12
2022-06-12,25353.12
2022-06-13,25030.25
2022-06-14,24859.43
2022-06-15,24920.41
2022-06-16,25002.84
2022-06-17,25192.92
2022-06-18,25192.92
2022-06-19,25192.92
2022-06-20,25080.54
2022-06-21,25159.45
2022-06-22,25088.32
2022-06-23,25282.7
2022-06-24,25163.09
2022-06-25,25163.09
2022-06-26,25163.09
2022-06-27,25273.13
2022-06-28,25297.05
2022-06-29,25121.19
2022-06-30,25032.07
2022-07-01,25045.79
2022-07-02,25045.79
2022-07-03,25045.79
2022-07-04,25050.37
2022-07-05,25062.21
2022-07-06,24657.6
2022-07-07,24476.02
2022-07-08,24452.84
2022-07-09,24452.84
2022-07-10,24452.84
2022-07-11,24394.34
2022-07-12,24112.93
2022-07-13,24135.27
2022-07-14,24097.76
2022-07-15,24198.88
2022-07-16,24198.88
2022-07-17,24198.88
2022-07-18,24332.24
2022-07-19,24473.02
2022-07-20,24679.45
2022-07-21,24546.92
2022-07-22,24469.01
2022-07-23,24469.01
2022-07-24,24469.01
2022-07-25,24561.23
2022-07-26,24570.16
2022-07-27,24352.69
2022-07-28,24490.6
2022-07-29,24482.35
2022-07-30,24482.35
2022-07-31,24482.35
2022-08-01,24548.09
2022-08-02,24722.03
2022-08-03,24517.91
2022-08-04,24530.79
2022-08-05,24609.36
2022-08-06,24609.36
2022-08-07,24609.36
2022-08-08,24460.15
2022-08-09,24517.91
2022-08-10,24554.01
2022-08-11,24789.85
2022-08-12,24813.92
2022-08-13,24813.92
2022-08-14,24813.92
2022-08-15,24699.32
2022-08-16,24441.71
2022-08-17,24485.46
2022-08-18,24439.3
2022-08-19,24268.73
2022-08-20,24268.73
2022-08-21,24268.73
2022-08-22,24138.69
2022-08-23,23904.1
2022-08-24,24022.15
2022-08-25,24144.51
2022-08-26,24019.82
2022-08-27,24019.82
2022-08-28,24019.82
2022-08-29,23912.62
2022-08-30,24113.83
2022-08-31,24190.54
2022-09-01,24190.54
2022-09-02,24190.54
2022-09-03,24190.54
2022-09-04,24190.54
2022-09-05,23987.17
2022-09-06,24127.65
2022-09-07,24014.27
2022-09-08,24199.72
2022-09-09,24336.57
2022-09-10,24336.57
2022-09-11,24336.57
2022-09-12,24405.5
2022-09-13,24557.06
2022-09-14,24273.51
2022-09-15,24213.37
2022-09-16,24216.21
2022-09-17,24216.21
2022-09-18,24216.21
2022-09-19,24372.8
2022-09-20,24450.73
2022-09-21,24144.55
2022-09-22,24157.6
2022-09-23,23811.27
2022-09-24,23811.27
2022-09-25,23811.27
2022-09-26,23648.37
2022-09-27,23555.67
2022-09-28,23399.49
2022-09-29,23630.04
2022-09-30,24072.65
2022-10-01,24072.65
2022-10-02,24072.65
2022-10-03,24122.55
2022-10-04,24144.42
2022-10-05,24475.84
2022-10-06,24360.18
2022-10-07,24085.19
2022-10-08,24085.19
2022-10-09,24085.19
2022-10-10,23881.26
2022-10-11,23894.29
2022-10-12,23906.73
2022-10-13,23986.86
2022-10-14,24222.46
2022-10-15,24222.46
2022-10-16,24222.46
2022-10-17,24343.43
2022-10-18,24717.24
2022-10-19,24783.06
2022-10-20,24621.61
2022-10-21,24923.96
2022-10-22,24923.96
2022-10-23,24923.96
2022-10-24,25040.9
2022-10-25,25181.43
2022-10-26,25607.19
2022-10-27,25641.07
2022-10-28,25277.13
2022-10-29,25277.13
2022-10-30,25277.13
2022-10-31,25364.39
2022-11-01,25272.41
2022-11-02,25272.35
2022-11-03,25001.34
2022-11-04,24939.88
2022-11-05,24939.88
2022-11-06,24939.88
2022-11-07,25402.74
2022-11-08,25545.4
2022-11-09,25739.72
2022-11-10,25586.78
2022-11-11,26087.09
2022-11-12,26087.09
2022-11-13,26087.09
2022-11-14,26259.72
2022-11-15,26334.39
2022-11-16,26453.45
2022-11-17,26499.84
2022-11-18,26487.99
2022-11-19,26487.99
2022-11-20,26487.99
2022-11-21,26138.16
2022-11-22,26176.78
2022-11-23,26327.69
2022-11-24,26611.06
2022-11-25,26565.16
2022-11-26,26565.16
2022-11-27,26565.16
2022-11-28,26646.75
2022-11-29,26391.35
2022-11-30,26212.4
2022-12-01,26303.05
2022-12-02,26077.28
2022-12-03,26077.28
2022-12-04,26077.28
2022-12-05,25950.11
2022-12-06,25912.37
2022-12-07,25667.44
2022-12-08,25683.18
2022-12-09,25607.39
2022-12-10,25607.39
2022-12-11,25607.39
2022-12-12,25664.33
2022-12-13,25616.83
2022-12-14,25706.64
2022-12-15,25740.49
2022-12-16,25808.64
2022-12-17,25808.64
2022-12-18,25808.64
2022-12-19,25942.36
2022-12-20,25883.65
2022-12-21,25883.79
2022-12-22,25903.38
2022-12-23,25741.91
2022-12-24,25741.91
2022-12-25,25741.91
2022-12-26,25825.61
2022-12-27,25825.62
2022-12-28,25819.57
2022-12-29,25845.09
2022-12-30,25841.35
2022-12-31,25841.35
2023-01-01,25841.35
2023-01-02,25841.35
2023-01-03,25555.44
2023-01-04,25559.11
2023-01-05,25667.96
2023-01-06,25393.74
2023-01-07,25393.74
2023-01-08,25393.74
2023-01-09,25771.54
2023-01-10,25869.14
2023-01-11,25912.57
2023-01-12,25963.24
2023-01-13,26190.03
2023-01-14,26190.03
2023-01-15,26190.03
2023-01-16,26062.16
2023-01-17,26053.47
2023-01-18,25976.29
2023-01-19,26108.0
2023-01-20,26108.0
2023-01-21,26108.0
2023-01-22,26108.0
2023-01-23,26108.0
2023-01-24,26108.0
2023-01-25,26108.0
2023-01-26,26108.0
2023-01-27,26249.47
2023-01-28,26249.47
2023-01-29,26249.47
2023-01-30,26204.51
2023-01-31,26185.21
2023-02-01,26204.51
2023-02-02,26595.37
2023-02-03,26286.54
2023-02-04,26286.54
2023-02-05,26286.54
2023-02-06,26050.56
2023-02-07,26055.52
2023-02-08,26042.87
2023-02-09,26031.59
2023-02-10,26012.43
2023-02-11,26012.43
2023-02-12,26012.43
2023-02-13,25927.64
2023-02-14,26051.47
2023-02-15,26049.23
2023-02-16,26055.62
2023-02-17,26050.37
2023-02-18,26050.37
2023-02-19,26050.37
2023-02-20,26114.28
2023-02-21,26028.87
2023-02-22,26048.08
2023-02-23,26004.93
2023-02-24,25936.59
2023-02-25,25936.59
2023-02-26,25936.59
2023-02-27,25857.88
2023-02-28,25962.62
2023-03-01,25827.03
2023-03-02,25947.78
2023-03-03,25890.97
2023-03-04,25890.97
2023-03-05,25890.97
2023-03-06,25959.38
2023-03-07,25982.52
2023-03-08,25718.76
2023-03-09,25711.2
2023-03-10,25768.25
2023-03-11,25768.25
2023-03-12,25768.25
2023-03-13,25871.46
2023-03-14,25959.06
2023-03-15,26035.36
2023-03-16,25701.89
2023-03-17,25747.99
2023-03-18,25747.99
2023-03-19,25747.99
2023-03-20,25864.44
2023-03-21,25967.46
2023-03-22,26068.68
2023-03-23,26410.24
2023-03-24,26068.31
2023-03-25,26068.31
2023-03-26,26068.31
2023-03-27,26039.29
2023-03-28,26146.69
2023-03-29,26160.7
2023-03-30,26238.91
2023-03-31,26256.71
2023-04-01,26256.71
2023-04-02,26256.71
2023-04-03,26182.44
2023-04-04,26341.97
2023-04-05,26431.3
2023-04-06,26303.43
2023-04-07,26334.8
2023-04-08,26334.8
2023-04-09,26334.8
2023-04-10,26308.26
2023-04-11,26250.35
2023-04-12,26370.15
2023-04-13,26502.04
2023-04-14,26703.94
2023-04-15,26703.94
2023-04-16,26703.94
2023-04-17,26524.69
2023-04-18,26440.82
2023-04-19,26508.57
2023-04-20,26473.93
2023-04-21,26502.94
2023-04-22,26502.94
2023-04-23,26502.94
2023-04-24,26510.99
2023-04-25,26709.08
2023-04-26,26508.57
2023-04-27,26671.87
2023-04-28,26568.08
2023-04-29,26568.08
2023-04-30,26568.08
2023-05-01,26568.08
2023-05-02,26568.08
2023-05-03,26568.08
2023-05-04,26650.15
2023-05-05,26592.96
2023-05-06,26592.96
2023-05-07,26592.96
2023-05-08,26601.87
2023-05-09,26522.22
2023-05-10,26490.05
2023-05-11,26395.87
2023-05-12,26359.65
2023-05-13,26359.65
2023-05-14,26359.65
2023-05-15,26228.64
2023-05-16,26243.11
2023-05-17,26224.57
2023-05-18,26091.11
2023-05-19,26021.99
2023-05-20,26021.99
2023-05-21,26021.99
2023-05-22,26059.02
2023-05-23,26053.95
2023-05-24,26048.57
2023-05-25,25934.65
2023-05-26,25915.65
2023-05-27,25915.65
2023-05-28,25915.65
2023-05-29,25899.79
2023-05-30,25836.98
2023-05-31,25807.54
2023-06-01,25766.92
2023-06-02,25991.59
2023-06-03,25991.59
2023-06-04,25991.59
2023-06-05,25873.48
2023-06-06,25885.3
2023-06-07,25860.06
2023-06-08,25874.56
2023-06-09,26023.0
2023-06-10,26023.0
2023-06-11,26023.0
2023-06-12,25927.41
2023-06-13,26019.57
2023-06-14,26086.25
2023-06-15,26163.1
2023-06-16,26531.08
2023-06-17,26531.08
2023-06-18,26531.08
2023-06-19,26457.75
2023-06-20,26466.58
2023-06-21,26423.89
2023-06-22,26571.44
2023-06-23,26297.18
2023-06-24,26297.18
2023-06-25,26297.18
2023-06-26,26400.35
2023-06-27,26404.3
2023-06-28,26552.76
2023-06-29,26424.29
2023-06-30,26322.97
2023-07-01,26322.97
2023-07-02,26322.97
2023-07-03,26498.38
2023-07-04,26569.97
2023-07-05,26596.03
2023-07-06,26460.98
2023-07-07,26460.43
2023-07-08,26460.43
2023-07-09,26460.43
2023-07-10,26641.94
2023-07-11,26821.02
2023-07-12,26853.56
2023-07-13,27139.89
2023-07-14,27253.34
2023-07-15,27253.34
2023-07-16,27253.34
2023-07-17,27331.78
2023-07-18,27409.0
2023-07-19,27296.21
2023-07-20,27287.39
2023-07-21,27075.06
2023-07-22,27075.06
2023-07-23,27075.06
2023-07-24,27078.35
2023-07-25,26918.53
2023-07-26,26875.52
2023-07-27,26990.78
2023-07-28,26721.08
2023-07-29,26721.08
2023-07-30,26721.08
2023-07-31,26849.48
2023-08-01,26733.27
2023-08-02,26819.11
2023-08-03,26678.74
2023-08-04,26713.41
2023-08-05,26713.41
2023-08-06,26713.41
2023-08-07,26776.86
2023-08-08,26794.7
2023-08-09,26765.22
2023-08-10,26792.09
2023-08-11,26836.06
2023-08-12,26836.06
2023-08-13,26836.06
2023-08-14,26840.64
2023-08-15,26949.23
2023-08-16,26911.29
2023-08-17,26698.0
2023-08-18,26646.71
2023-08-19,26646.71
2023-08-20,26646.71
2023-08-21,26661.4
2023-08-22,26883.23
2023-08-23,26661.79
2023-08-24,26798.73
2023-08-25,26601.35
2023-08-26,26601.35
2023-08-27,26601.35
2023-08-28,26782.76
2023-08-29,26914.91
2023-08-30,26990.42
2023-08-31,27042.86
2023-09-01,27042.86
2023-09-02,27042.86
2023-09-03,27042.86
2023-09-04,27042.86
2023-09-05,26616.91
2023-09-06,26550.27
2023-09-07,26528.0
2023-09-08,26552.26
2023-09-09,26552.26
2023-09-10,26552.26
2023-09-11,26528.56
2023-09-12,26635.18
2023-09-13,26700.33
2023-09-14,26752.2
2023-09-15,26559.29
2023-09-16,26559.29
2023-09-17,26559.29
2023-09-18,26719.28
2023-09-19,26775.84
2023-09-20,26734.51
2023-09-21,26595.08
2023-09-22,26681.69
2023-09-23,26681.69
2023-09-24,26681.69
2023-09-25,26661.2
2023-09-26,26543.93
2023-09-27,26446.24
2023-09-28,26355.11
2023-09-29,26466.85
2023-09-30,26466.85
2023-10-01,26466.85
2023-10-02,26419.52
2023-10-03,26224.03
2023-10-04,26238.71
2023-10-05,26345.09
2023-10-06,26389.42
2023-10-07,26389.42
2023-10-08,26389.42
2023-10-09,26386.92
2023-10-10,26512.19
2023-10-11,26612.16
2023-10-12,26680.4
2023-10-13,26484.85
2023-10-14,26484.85
2023-10-15,26484.85
2023-10-16,26448.29
2023-10-17,26551.56
2023-10-18,26664.33
2023-10-19,26580.12
2023-10-20,26670.15
2023-10-21,26670.15
2023-10-22,26670.15
2023-10-23,26730.28
2023-10-24,26894.6
2023-10-25,26704.5
2023-10-26,26646.87
2023-10-27,26659.83
2023-10-28,26659.83
2023-10-29,26659.83
2023-10-30,26646.83
2023-10-31,26788.57
2023-11-01,26694.15
2023-11-02,26767.42
2023-11-03,26810.5
2023-11-04,26810.5
2023-11-05,26810.5
2023-11-06,26863.0
2023-11-07,26731.98
2023-11-08,26753.38
2023-11-09,26766.46
2023-11-10,26640.08
2023-11-11,26640.08
2023-11-12,26640.08
2023-11-13,26776.88
2023-11-14,26808.46
2023-11-15,27118.61
2023-11-16,27038.01
2023-11-17,27053.32
2023-11-18,27053.32
2023-11-19,27053.32
2023-11-20,27131.82
2023-11-21,27134.6
2023-11-22,27093.32
2023-11-23,27132.49
2023-11-24,27166.07
2023-11-25,27166.07
2023-11-26,27166.07
2023-11-27,27290.06
2023-11-28,27268.27
2023-11-29,27370.81
2023-11-30,27361.79
2023-12-01,27197.16
2023-12-02,27197.16
2023-12-03,27197.16
2023-12-04,27059.61
2023-12-05,27025.16
2023-12-06,26873.6
2023-12-07,26840.64
2023-12-08,26853.68
2023-12-09,26853.68
2023-12-10,26853.68
2023-12-11,26797.51
2023-12-12,26851.69
2023-12-13,26893.0
2023-12-14,27183.52
2023-12-15,27344.23
2023-12-16,27344.23
2023-12-17,27344.23
2023-12-18,27283.21
2023-12-19,27359.99
2023-12-20,27439.44
2023-12-21,27373.15
2023-12-22,27392.73
2023-12-23,27392.73
2023-12-24,27392.73
2023-12-25,27402.7
2023-12-26,27534.25
2023-12-27,27590.55
2023-12-28,27716.5
2023-12-29,27539.95
2023-12-30,27539.95
2023-12-31,27539.95
2024-01-01,27539.95
2024-01-02,27596.39
2024-01-03,27410.65
2024-01-04,27411.89
2024-01-05,27334.27
2024-01-06,27334.27
2024-01-07,27334.27
2024-01-08,27349.98
2024-01-09,27406.27
2024-01-10,27392.37
2024-01-11,27585.27
2024-01-12,27572.09
2024-01-13,27572.09
2024-01-14,27572.09
2024-01-15,27517.37
2024-01-16,27484.21
2024-01-17,27386.2
2024-01-18,27507.47
2024-01-19,27438.25
2024-01-20,27438.25
2024-01-21,27438.25
2024-01-22,27492.65
2024-01-23,27482.77
2024-01-24,27466.81
2024-01-25,27494.63
2024-01-26,27405.62
2024-01-27,27405.62
2024-01-28,27405.62
2024-01-29,27337.34
2024-01-30,27136.39
2024-01-31,27156.09
2024-02-01,27051.62
2024-02-02,27193.1
2024-02-03,27193.1
2024-02-04,27193.1
2024-02-05,27014.84
2024-02-06,26911.12
2024-02-07,27086.35
2024-02-08,27086.35
2024-02-09,27086.35
2024-02-10,27086.35
2024-02-11,27086.35
2024-02-12,27086.35
2024-02-13,27086.35
2024-02-14,27086.35
2024-02-15,26944.16
2024-02-16,27106.93
2024-02-17,27106.93
2024-02-18,27106.93
2024-02-19,27192.06
2024-02-20,27162.78
2024-02-21,27248.0
2024-02-22,27362.14
2024-02-23,27367.66
2024-02-24,27367.66
2024-02-25,27367.66
2024-02-26,27478.98
2024-02-27,27474.97
2024-02-28,27382.84
2024-02-29,27446.59
2024-03-01,27389.87
2024-03-02,27389.87
2024-03-03,27389.87
2024-03-04,27504.34
2024-03-05,27518.01
2024-03-06,27592.6
2024-03-07,27664.69
2024-03-08,27746.66
2024-03-09,27746.66
2024-03-10,27746.66
2024-03-11,27686.51
2024-03-12,27669.9
2024-03-13,27684.75
2024-03-14,27781.48
2024-03-15,27671.83
2024-03-16,27671.83
2024-03-17,27671.83
2024-03-18,27671.83
2024-03-19,27588.37
2024-03-20,27619.23
2024-03-21,27845.91
2024-03-22,27545.37
2024-03-23,27545.37
2024-03-24,27545.37
2024-03-25,27525.7
2024-03-26,27616.69
2024-03-27,27570.84
2024-03-28,27446.04
2024-03-29,27447.78
2024-03-30,27447.78
2024-03-31,27447.78
2024-04-01,27491.12
2024-04-02,27451.86
2024-04-03,27634.98
2024-04-04,27815.37
2024-04-05,27759.84
2024-04-06,27759.84
2024-04-07,27759.84
2024-04-08,27794.9
2024-04-09,27860.74
2024-04-10,27847.92
2024-04-11,27617.57
2024-04-12,27428.1
2024-04-13,27428.1
2024-04-14,27428.1
2024-04-15,27531.18
2024-04-16,27500.1
2024-04-17,27603.92
2024-04-18,27603.92
2024-04-19,27749.81
2024-04-20,27749.81
2024-04-21,27749.81
2024-04-22,27860.08
2024-04-23,27999.27
2024-04-24,27899.85
2024-04-25,27963.4
2024-04-26,27949.19
2024-04-27,27949.19
2024-04-28,27949.19
2024-04-29,27949.19
2024-04-30,27949.19
2024-05-01,27949.19
2024-05-02,27934.14
2024-05-03,28036.75
2024-05-04,28085.2
2024-05-05,28085.2
2024-05-06,28075.52
2024-05-07,28103.48
2024-05-08,28064.32
2024-05-09,28073.91
2024-05-10,28205.84
2024-05-11,28205.84
2024-05-12,28205.84
2024-05-13,28166.6
2024-05-14,28216.3
2024-05-15,28278.43
2024-05-16,28429.8
2024-05-17,28420.33
2024-05-18,28420.33
2024-05-19,28420.33
2024-05-20,28431.59
2024-05-21,28396.83
2024-05-22,28396.44
2024-05-23,28365.4
2024-05-24,28279.0
2024-05-25,28279.0
2024-05-26,28279.0
2024-05-27,28392.91
2024-05-28,28423.33
2024-05-29,28370.29
2024-05-30,28239.84
2024-05-31,28317.66
2024-06-01,28317.66
2024-06-02,28317.66
2024-06-03,28339.13
2024-06-04,28394.69
2024-06-05,28426.05
2024-06-06,28402.53
2024-06-07,28452.17
2024-06-08,28452.17
2024-06-09,28452.17
2024-06-10,28137.41
2024-06-11,28115.14
2024-06-12,28060.84
2024-06-13,28246.74
2024-06-14,28019.58
2024-06-15,28019.58
2024-06-16,28019.58
2024-06-17,27998.66
2024-06-18,28064.59
2024-06-19,28074.48
2024-06-20,28098.31
2024-06-21,27999.61
2024-06-22,27999.61
2024-06-23,27999.61
2024-06-24,27962.57
2024-06-25,28061.41
2024-06-26,27957.34
2024-06-27,27970.26
2024-06-28,27808.9
2024-06-29,27808.9
2024-06-30,27808.9
2024-07-01,28092.79
2024-07-02,28066.92
2024-07-03,28106.15
2024-07-04,28210.45
2024-07-05,28273.6
2024-07-06,28273.6
2024-07-07,28273.6
2024-07-08,28271.9
2024-07-09,28305.75
2024-07-10,28251.0
2024-07-11,28303.25
2024-07-12,28424.86
2024-07-13,28424.86
2024-07-14,28424.86
2024-07-15,28415.26
2024-07-16,28390.66
2024-07-17,28486.9
2024-07-18,28421.98
2024-07-19,28357.49
2024-07-20,28357.49
2024-07-21,28357.49
2024-07-22,28329.92
2024-07-23,28360.1
2024-07-24,28281.52
2024-07-25,28197.61
2024-07-26,28221.75
2024-07-27,28221.75
2024-07-28,28221.75
2024-07-29,28140.06
2024-07-30,28111.47
2024-07-31,28070.0
2024-08-01,28084.09
2024-08-02,28047.04
2024-08-03,28047.04
2024-08-04,28047.04
2024-08-05,28264.55
2024-08-06,28304.39
2024-08-07,28239.4
2024-08-08,28269.11
2024-08-09,28176.84
2024-08-10,28176.84
2024-08-11,28176.84
2024-08-12,28188.05
2024-08-13,28217.34
2024-08-14,28353.01
2024-08-15,28328.3
2024-08-16,28286.51
2024-08-17,28286.51
2024-08-18,28286.51
2024-08-19,28359.11
2024-08-20,28375.93
2024-08-21,28493.5
2024-08-22,28575.32
2024-08-23,28568.57
2024-08-24,28568.57
2024-08-25,28568.57
2024-08-26,28605.17
2024-08-27,28501.8
2024-08-28,28522.18
2024-08-29,28428.89
2024-08-30,28327.84
2024-08-31,28327.84
2024-09-01,28327.84
2024-09-02,28327.84
2024-09-03,28327.84
2024-09-04,28215.12
2024-09-05,28229.43
2024-09-06,28111.57
2024-09-07,28111.57
2024-09-08,28111.57
2024-09-09,28029.22
2024-09-10,27977.31
2024-09-11,27883.52
2024-09-12,27828.52
2024-09-13,27982.6
2024-09-14,27982.6
2024-09-15,27982.6
2024-09-16,28034.3
2024-09-17,28121.69
2024-09-18,28196.46
2024-09-19,28220.11
2024-09-20,28178.34
2024-09-21,28178.34
2024-09-22,28178.34
2024-09-23,28085.07
2024-09-24,28177.31
2024-09-25,28260.53
2024-09-26,28204.05
2024-09-27,28231.58
2024-09-28,28231.58
2024-09-29,28231.58
2024-09-30,28178.34
2024-10-01,28116.63
2024-10-02,28067.32
2024-10-03,28064.07
2024-10-04,28055.04
2024-10-05,28055.04
2024-10-06,28055.04
2024-10-07,28029.23
2024-10-08,28038.92
2024-10-09,28023.6
2024-10-10,27947.5
2024-10-11,27906.13
2024-10-12,27906.13
2024-10-13,27906.13
2024-10-14,27890.3
2024-10-15,27947.04
2024-10-16,27935.3
2024-10-17,28092.37
2024-10-18,28037.26
2024-10-19,28037.26
2024-10-20,28037.26
2024-10-21,28158.23
2024-10-22,28226.76
2024-10-23,28201.35
2024-10-24,28174.6
2024-10-25,28234.58
2024-10-26,28234.58
2024-10-27,28234.58
2024-10-28,28143.32
2024-10-29,28134.74
2024-10-30,28190.55
2024-10-31,28203.9
2024-11-01,28239.2
2024-11-02,28239.2
2024-11-03,28239.2
2024-11-04,28299.76
2024-11-05,28340.01
2024-11-06,27969.77
2024-11-07,27960.79
2024-11-08,28020.85
2024-11-09,28020.85
2024-11-10,28020.85
2024-11-11,27842.1
2024-11-12,27688.14
2024-11-13,27694.34
2024-11-14,27520.92
2024-11-15,27500.42
2024-11-16,27500.42
2024-11-17,27500.42
2024-11-18,27518.31
2024-11-19,27654.88
2024-11-20,27680.33
2024-11-21,27553.41
2024-11-22,27143.43
2024-11-23,27143.43
2024-11-24,27143.43
2024-11-25,27394.35
2024-11-26,27297.36
2024-11-27,27421.75
2024-11-28,27495.41
2024-11-29,27527.52
2024-11-30,27527.52
2024-12-01,27527.52
2024-12-02,27451.54
2024-12-03,27374.78
2024-12-04,27406.44
2024-12-05,27442.98
2024-12-06,27607.03
2024-12-07,27607.03
2024-12-08,27607.03
2024-12-09,27554.84
2024-12-10,27493.84
2024-12-11,27454.93
2024-12-12,27416.53
2024-12-13,27349.0
2024-12-14,27349.0
2024-12-15,27349.0
2024-12-16,27450.82
2024-12-17,27469.09
2024-12-18,27441.39
2024-12-19,27135.99
2024-12-20,27112.54
2024-12-21,27112.54
2024-12-22,27112.54
2024-12-23,27282.47
2024-12-24,27206.61
2024-12-25,27193.09
2024-12-26,27158.89
2024-12-27,27232.54
2024-12-28,27232.54
2024-12-29,27232.54
2024-12-30,27274.62
2024-12-31,27291.04
2025-01-01,27291.04
2025-01-02,27099.86
2025-01-03,26874.49
2025-01-04,26874.49
2025-01-05,26874.49
2025-01-06,26918.52
2025-01-07,27071.62
2025-01-08,26985.76
2025-01-09,26899.68
2025-01-10,26860.55
2025-01-11,26860.55
2025-01-12,26860.55
2025-01-13,26685.95
2025-01-14,26753.78
2025-01-15,26865.77
2025-01-16,26831.85
2025-01-17,26781.64
2025-01-18,26781.64
2025-01-19,26781.64
2025-01-20,26830.93
2025-01-21,26926.03
2025-01-22,26923.82
2025-01-23,26878.06
2025-01-24,27067.51
2025-01-25,27067.51
2025-01-26,27067.51
2025-01-27,27067.51
2025-01-28,27067.51
2025-01-29,27067.51
2025-01-30,27067.51
2025-01-31,27067.51
2025-02-01,27067.51
2025-02-02,27067.51
2025-02-03,26653.97
2025-02-04,26762.92
2025-02-05,26909.77
2025-02-06,26983.17
2025-02-07,27001.91
2025-02-08,27001.91
2025-02-09,27001.91
2025-02-10,26873.59
2025-02-11,27055.81
2025-02-12,27263.69
2025-02-13,27280.56
2025-02-14,27362.05
2025-02-15,27362.05
2025-02-16,27362.05
2025-02-17,27458.04
2025-02-18,27438.76
2025-02-19,27402.04
2025-02-20,27352.42
2025-02-21,27435.62
2025-02-22,27435.62
2025-02-23,27435.62
2025-02-24,27553.25
2025-02-25,27433.26
2025-02-26,27567.88
2025-02-27,27513.26
2025-02-28,27308.18
2025-03-01,27308.18
2025-03-02,27308.18
2025-03-03,27372.1
2025-03-04,27644.91
2025-03-05,28017.46
2025-03-06,28328.1
2025-03-07,28468.93
2025-03-08,28468.93
2025-03-09,28468.93
2025-03-10,28427.62
2025-03-11,28534.27
2025-03-12,28509.99
2025-03-13,28507.57
2025-03-14,28438.75
2025-03-15,28438.75
2025-03-16,28438.75
2025-03-17,28560.13
2025-03-18,28730.01
2025-03-19,28707.86
2025-03-20,28663.92
2025-03-21,28481.26
2025-03-22,28481.26
2025-03-23,28481.26
2025-03-24,28568.5
2025-03-25,28431.51
2025-03-26,28370.26
2025-03-27,28309.82
2025-03-28,28362.95
2025-03-29,28362.95
2025-03-30,28362.95
2025-03-31,28459.01
2025-04-01,28516.39
