Date,Buy,Transfer,Sell
2020-04-01,23440.0,23470.0,23650.0
2020-04-02,23440.0,23470.0,23650.0
2020-04-03,23320.0,23350.0,23530.0
2020-04-04,23320.0,23350.0,23530.0
2020-04-05,23320.0,23350.0,23530.0
2020-04-06,23360.0,23390.0,23570.0
2020-04-07,23340.0,23370.0,23550.0
2020-04-08,23400.0,23430.0,23610.0
2020-04-09,23370.0,23400.0,23580.0
2020-04-10,23310.0,23340.0,23520.0
2020-04-11,23310.0,23340.0,23520.0
2020-04-12,23310.0,23340.0,23520.0
2020-04-13,23320.0,23350.0,23530.0
2020-04-14,23335.0,23365.0,23545.0
2020-04-15,23320.0,23350.0,23530.0
2020-04-16,23340.0,23370.0,23550.0
2020-04-17,23300.0,23330.0,23510.0
2020-04-18,23300.0,23330.0,23510.0
2020-04-19,23300.0,23330.0,23510.0
2020-04-20,23330.0,23360.0,23540.0
2020-04-21,23330.0,23360.0,23540.0
2020-04-22,23350.0,23380.0,23560.0
2020-04-23,23360.0,23390.0,23570.0
2020-04-24,23370.0,23400.0,23580.0
2020-04-25,23370.0,23400.0,23580.0
2020-04-26,23370.0,23400.0,23580.0
2020-04-27,23340.0,23370.0,23550.0
2020-04-28,23325.0,23355.0,23535.0
2020-04-29,23300.0,23330.0,23510.0
2020-04-30,23300.0,23330.0,23510.0
2020-05-01,23300.0,23330.0,23510.0
2020-05-02,23300.0,23330.0,23510.0
2020-05-03,23300.0,23330.0,23510.0
2020-05-04,23310.0,23340.0,23520.0
2020-05-05,23300.0,23330.0,23510.0
2020-05-06,23300.0,23330.0,23510.0
2020-05-07,23280.0,23310.0,23490.0
2020-05-08,23240.0,23270.0,23450.0
2020-05-09,23240.0,23270.0,23450.0
2020-05-10,23240.0,23270.0,23450.0
2020-05-11,23210.0,23240.0,23420.0
2020-05-12,23220.0,23250.0,23430.0
2020-05-13,23230.0,23260.0,23440.0
2020-05-14,23250.0,23280.0,23460.0
2020-05-15,23240.0,23270.0,23450.0
2020-05-16,23240.0,23270.0,23450.0
2020-05-17,23240.0,23270.0,23450.0
2020-05-18,23220.0,23250.0,23430.0
2020-05-19,23160.0,23190.0,23370.0
2020-05-20,23150.0,23180.0,23360.0
2020-05-21,23150.0,23180.0,23360.0
2020-05-22,23160.0,23190.0,23370.0
2020-05-23,23160.0,23190.0,23370.0
2020-05-24,23160.0,23190.0,23370.0
2020-05-25,23180.0,23210.0,23390.0
2020-05-26,23200.0,23230.0,23410.0
2020-05-27,23200.0,23230.0,23410.0
2020-05-28,23180.0,23210.0,23390.0
2020-05-29,23160.0,23190.0,23370.0
2020-05-30,23160.0,23190.0,23370.0
2020-05-31,23160.0,23190.0,23370.0
2020-06-01,23140.0,23170.0,23350.0
2020-06-02,23140.0,23170.0,23350.0
2020-06-03,23140.0,23170.0,23350.0
2020-06-04,23140.0,23170.0,23350.0
2020-06-05,23130.0,23160.0,23340.0
2020-06-06,23130.0,23160.0,23340.0
2020-06-07,23130.0,23160.0,23340.0
2020-06-08,23110.0,23140.0,23320.0
2020-06-09,23070.0,23100.0,23280.0
2020-06-10,23070.0,23100.0,23280.0
2020-06-11,23110.0,23140.0,23320.0
2020-06-12,23110.0,23140.0,23320.0
2020-06-13,23110.0,23140.0,23320.0
2020-06-14,23110.0,23140.0,23320.0
2020-06-15,23100.0,23130.0,23310.0
2020-06-16,23085.0,23115.0,23295.0
2020-06-17,23080.0,23110.0,23290.0
2020-06-18,23080.0,23110.0,23290.0
2020-06-19,23100.0,23130.0,23310.0
2020-06-20,23100.0,23130.0,23310.0
2020-06-21,23100.0,23130.0,23310.0
2020-06-22,23100.0,23130.0,23310.0
2020-06-23,23090.0,23120.0,23300.0
2020-06-24,23100.0,23130.0,23310.0
2020-06-25,23085.0,23115.0,23295.0
2020-06-26,23090.0,23120.0,23300.0
2020-06-27,23090.0,23120.0,23300.0
2020-06-28,23090.0,23120.0,23300.0
2020-06-29,23085.0,23115.0,23295.0
2020-06-30,23090.0,23120.0,23300.0
2020-07-01,23080.0,23110.0,23290.0
2020-07-02,23080.0,23110.0,23290.0
2020-07-03,23080.0,23110.0,23290.0
2020-07-04,23080.0,23110.0,23290.0
2020-07-05,23080.0,23110.0,23290.0
2020-07-06,23070.0,23100.0,23280.0
2020-07-07,23070.0,23100.0,23280.0
2020-07-08,23080.0,23110.0,23290.0
2020-07-09,23070.0,23100.0,23280.0
2020-07-10,23060.0,23090.0,23270.0
2020-07-11,23060.0,23090.0,23270.0
2020-07-12,23060.0,23090.0,23270.0
2020-07-13,23060.0,23090.0,23270.0
2020-07-14,23060.0,23090.0,23270.0
2020-07-15,23060.0,23090.0,23270.0
2020-07-16,23070.0,23100.0,23280.0
2020-07-17,23070.0,23100.0,23280.0
2020-07-18,23070.0,23100.0,23280.0
2020-07-19,23070.0,23100.0,23280.0
2020-07-20,23070.0,23100.0,23280.0
2020-07-21,23070.0,23100.0,23280.0
2020-07-22,23060.0,23090.0,23270.0
2020-07-23,23060.0,23090.0,23270.0
2020-07-24,23060.0,23090.0,23270.0
2020-07-25,23060.0,23090.0,23270.0
2020-07-26,23060.0,23090.0,23270.0
2020-07-27,23060.0,23090.0,23270.0
2020-07-28,23060.0,23090.0,23270.0
2020-07-29,23060.0,23090.0,23270.0
2020-07-30,23060.0,23090.0,23270.0
2020-07-31,23060.0,23090.0,23270.0
2020-08-01,23060.0,23090.0,23270.0
2020-08-02,23060.0,23090.0,23270.0
2020-08-03,23060.0,23090.0,23270.0
2020-08-04,23060.0,23090.0,23270.0
2020-08-05,23060.0,23090.0,23270.0
2020-08-06,23060.0,23090.0,23270.0
2020-08-07,23060.0,23090.0,23270.0
2020-08-08,23060.0,23090.0,23270.0
2020-08-09,23060.0,23090.0,23270.0
2020-08-10,23060.0,23090.0,23270.0
2020-08-11,23060.0,23090.0,23270.0
2020-08-12,23060.0,23090.0,23270.0
2020-08-13,23060.0,23090.0,23270.0
2020-08-14,23060.0,23090.0,23270.0
2020-08-15,23060.0,23090.0,23270.0
2020-08-16,23060.0,23090.0,23270.0
2020-08-17,23060.0,23090.0,23270.0
2020-08-18,23060.0,23090.0,23270.0
2020-08-19,23060.0,23090.0,23270.0
2020-08-20,23060.0,23090.0,23270.0
2020-08-21,23060.0,23090.0,23270.0
2020-08-22,23060.0,23090.0,23270.0
2020-08-23,23060.0,23090.0,23270.0
2020-08-24,23060.0,23090.0,23270.0
2020-08-25,23060.0,23090.0,23270.0
2020-08-26,23060.0,23090.0,23270.0
2020-08-27,23060.0,23090.0,23270.0
2020-08-28,23060.0,23090.0,23270.0
2020-08-29,23060.0,23090.0,23270.0
2020-08-30,23060.0,23090.0,23270.0
2020-08-31,23060.0,23090.0,23270.0
2020-09-01,23060.0,23090.0,23270.0
2020-09-02,23060.0,23090.0,23270.0
2020-09-03,23060.0,23090.0,23270.0
2020-09-04,23060.0,23090.0,23270.0
2020-09-05,23060.0,23090.0,23270.0
2020-09-06,23060.0,23090.0,23270.0
2020-09-07,23060.0,23090.0,23270.0
2020-09-08,23060.0,23090.0,23270.0
2020-09-09,23060.0,23090.0,23270.0
2020-09-10,23060.0,23090.0,23270.0
2020-09-11,23060.0,23090.0,23270.0
2020-09-12,23060.0,23090.0,23270.0
2020-09-13,23060.0,23090.0,23270.0
2020-09-14,23060.0,23090.0,23270.0
2020-09-15,23060.0,23090.0,23270.0
2020-09-16,23060.0,23090.0,23270.0
2020-09-17,23060.0,23090.0,23270.0
2020-09-18,23060.0,23090.0,23270.0
2020-09-19,23060.0,23090.0,23270.0
2020-09-20,23060.0,23090.0,23270.0
2020-09-21,23060.0,23090.0,23270.0
2020-09-22,23060.0,23090.0,23270.0
2020-09-23,23070.0,23100.0,23280.0
2020-09-24,23070.0,23100.0,23280.0
2020-09-25,23070.0,23100.0,23280.0
2020-09-26,23070.0,23100.0,23280.0
2020-09-27,23070.0,23100.0,23280.0
2020-09-28,23070.0,23100.0,23280.0
2020-09-29,23070.0,23100.0,23280.0
2020-09-30,23060.0,23090.0,23270.0
2020-10-01,23070.0,23100.0,23280.0
2020-10-02,23070.0,23100.0,23280.0
2020-10-03,23070.0,23100.0,23280.0
2020-10-04,23070.0,23100.0,23280.0
2020-10-05,23080.0,23110.0,23290.0
2020-10-06,23080.0,23110.0,23290.0
2020-10-07,23080.0,23110.0,23290.0
2020-10-08,23070.0,23100.0,23280.0
2020-10-09,23070.0,23100.0,23280.0
2020-10-10,23070.0,23100.0,23280.0
2020-10-11,23070.0,23100.0,23280.0
2020-10-12,23070.0,23100.0,23280.0
2020-10-13,23070.0,23100.0,23280.0
2020-10-14,23060.0,23090.0,23270.0
2020-10-15,23060.0,23090.0,23270.0
2020-10-16,23060.0,23090.0,23270.0
2020-10-17,23060.0,23090.0,23270.0
2020-10-18,23060.0,23090.0,23270.0
2020-10-19,23060.0,23090.0,23270.0
2020-10-20,23060.0,23090.0,23270.0
2020-10-21,23060.0,23090.0,23270.0
2020-10-22,23060.0,23090.0,23270.0
2020-10-23,23060.0,23090.0,23270.0
2020-10-24,23060.0,23090.0,23270.0
2020-10-25,23060.0,23090.0,23270.0
2020-10-26,23060.0,23090.0,23270.0
2020-10-27,23060.0,23090.0,23270.0
2020-10-28,23060.0,23090.0,23270.0
2020-10-29,23060.0,23090.0,23270.0
2020-10-30,23060.0,23090.0,23270.0
2020-10-31,23060.0,23090.0,23270.0
2020-11-01,23060.0,23090.0,23270.0
2020-11-02,23060.0,23090.0,23270.0
2020-11-03,23060.0,23090.0,23270.0
2020-11-04,23060.0,23090.0,23270.0
2020-11-05,23060.0,23090.0,23270.0
2020-11-06,23060.0,23090.0,23270.0
2020-11-07,23060.0,23090.0,23270.0
2020-11-08,23060.0,23090.0,23270.0
2020-11-09,23060.0,23090.0,23270.0
2020-11-10,23060.0,23090.0,23270.0
2020-11-11,23060.0,23090.0,23270.0
2020-11-12,23060.0,23090.0,23270.0
2020-11-13,23060.0,23090.0,23270.0
2020-11-14,23060.0,23090.0,23270.0
2020-11-15,23060.0,23090.0,23270.0
2020-11-16,23055.0,23085.0,23265.0
2020-11-17,23050.0,23080.0,23260.0
2020-11-18,23060.0,23090.0,23270.0
2020-11-19,23060.0,23090.0,23270.0
2020-11-20,23055.0,23085.0,23265.0
2020-11-21,23055.0,23085.0,23265.0
2020-11-22,23055.0,23085.0,23265.0
2020-11-23,23030.0,23060.0,23240.0
2020-11-24,23040.0,23070.0,23250.0
2020-11-25,23040.0,23070.0,23250.0
2020-11-26,23050.0,23080.0,23260.0
2020-11-27,23050.0,23080.0,23260.0
2020-11-28,23050.0,23080.0,23260.0
2020-11-29,23050.0,23080.0,23260.0
2020-11-30,23020.0,23050.0,23230.0
2020-12-01,23020.0,23050.0,23230.0
2020-12-02,23020.0,23050.0,23230.0
2020-12-03,23020.0,23050.0,23230.0
2020-12-04,23010.0,23040.0,23220.0
2020-12-05,23010.0,23040.0,23220.0
2020-12-06,23010.0,23040.0,23220.0
2020-12-07,23010.0,23040.0,23220.0
2020-12-08,23010.0,23040.0,23220.0
2020-12-09,23010.0,23040.0,23220.0
2020-12-10,23010.0,23040.0,23220.0
2020-12-11,23010.0,23040.0,23220.0
2020-12-12,23010.0,23040.0,23220.0
2020-12-13,23010.0,23040.0,23220.0
2020-12-14,23010.0,23040.0,23220.0
2020-12-15,23010.0,23040.0,23220.0
2020-12-16,23010.0,23040.0,23220.0
2020-12-17,23010.0,23040.0,23220.0
2020-12-18,23010.0,23040.0,23220.0
2020-12-19,23010.0,23040.0,23220.0
2020-12-20,23010.0,23040.0,23220.0
2020-12-21,23010.0,23040.0,23220.0
2020-12-22,23010.0,23040.0,23220.0
2020-12-23,23010.0,23040.0,23220.0
2020-12-24,23010.0,23040.0,23220.0
2020-12-25,23010.0,23040.0,23220.0
2020-12-26,23010.0,23040.0,23220.0
2020-12-27,23010.0,23040.0,23220.0
2020-12-28,23010.0,23040.0,23220.0
2020-12-29,23010.0,23040.0,23220.0
2020-12-30,22980.0,23010.0,23190.0
2020-12-31,23005.0,23035.0,23215.0
2021-01-01,23005.0,23035.0,23215.0
2021-01-02,23005.0,23035.0,23215.0
2021-01-03,23005.0,23035.0,23215.0
2021-01-04,22980.0,23010.0,23190.0
2021-01-05,22980.0,23010.0,23190.0
2021-01-06,22980.0,23010.0,23190.0
2021-01-07,22960.0,22990.0,23170.0
2021-01-08,22940.0,22970.0,23150.0
2021-01-09,22940.0,22970.0,23150.0
2021-01-10,22940.0,22970.0,23150.0
2021-01-11,22950.0,22980.0,23160.0
2021-01-12,22950.0,22980.0,23160.0
2021-01-13,22950.0,22980.0,23160.0
2021-01-14,22950.0,22980.0,23160.0
2021-01-15,22950.0,22980.0,23160.0
2021-01-16,22950.0,22980.0,23160.0
2021-01-17,22950.0,22980.0,23160.0
2021-01-18,22950.0,22980.0,23160.0
2021-01-19,22950.0,22980.0,23160.0
2021-01-20,22955.0,22985.0,23165.0
2021-01-21,22955.0,22985.0,23165.0
2021-01-22,22955.0,22985.0,23165.0
2021-01-23,22955.0,22985.0,23165.0
2021-01-24,22955.0,22985.0,23165.0
2021-01-25,22955.0,22985.0,23165.0
2021-01-26,22950.0,22980.0,23160.0
2021-01-27,22950.0,22980.0,23160.0
2021-01-28,22940.0,22970.0,23150.0
2021-01-29,22930.0,22960.0,23140.0
2021-01-30,22930.0,22960.0,23140.0
2021-01-31,22930.0,22960.0,23140.0
2021-02-01,22920.0,22950.0,23130.0
2021-02-02,22900.0,22930.0,23110.0
2021-02-03,22910.0,22940.0,23120.0
2021-02-04,22900.0,22930.0,23110.0
2021-02-05,22880.0,22910.0,23090.0
2021-02-06,22880.0,22910.0,23090.0
2021-02-07,22880.0,22910.0,23090.0
2021-02-08,22850.0,22880.0,23060.0
2021-02-09,22880.0,22910.0,23090.0
2021-02-10,22880.0,22910.0,23090.0
2021-02-11,22880.0,22910.0,23090.0
2021-02-12,22880.0,22910.0,23090.0
2021-02-13,22880.0,22910.0,23090.0
2021-02-14,22880.0,22910.0,23090.0
2021-02-15,22880.0,22910.0,23090.0
2021-02-16,22880.0,22910.0,23090.0
2021-02-17,22880.0,22910.0,23090.0
2021-02-18,22880.0,22910.0,23090.0
2021-02-19,22895.0,22925.0,23105.0
2021-02-20,22895.0,22925.0,23105.0
2021-02-21,22895.0,22925.0,23105.0
2021-02-22,22900.0,22930.0,23110.0
2021-02-23,22910.0,22940.0,23120.0
2021-02-24,22910.0,22940.0,23120.0
2021-02-25,22900.0,22930.0,23110.0
2021-02-26,22890.0,22920.0,23100.0
2021-02-27,22890.0,22920.0,23100.0
2021-02-28,22890.0,22920.0,23100.0
2021-03-01,22900.0,22930.0,23110.0
2021-03-02,22910.0,22940.0,23120.0
2021-03-03,22910.0,22940.0,23120.0
2021-03-04,22900.0,22930.0,23110.0
2021-03-05,22915.0,22945.0,23125.0
2021-03-06,22915.0,22945.0,23125.0
2021-03-07,22915.0,22945.0,23125.0
2021-03-08,22930.0,22960.0,23140.0
2021-03-09,22930.0,22960.0,23140.0
2021-03-10,22930.0,22960.0,23140.0
2021-03-11,22930.0,22960.0,23140.0
2021-03-12,22930.0,22960.0,23140.0
2021-03-13,22930.0,22960.0,23140.0
2021-03-14,22930.0,22960.0,23140.0
2021-03-15,22960.0,22990.0,23170.0
2021-03-16,22955.0,22985.0,23165.0
2021-03-17,22950.0,22980.0,23160.0
2021-03-18,22950.0,22980.0,23160.0
2021-03-19,22950.0,22980.0,23160.0
2021-03-20,22950.0,22980.0,23160.0
2021-03-21,22950.0,22980.0,23160.0
2021-03-22,22960.0,22990.0,23170.0
2021-03-23,22960.0,22990.0,23170.0
2021-03-24,22960.0,22990.0,23170.0
2021-03-25,22980.0,23010.0,23190.0
2021-03-26,22965.0,22995.0,23175.0
2021-03-27,22965.0,22995.0,23175.0
2021-03-28,22965.0,22995.0,23175.0
2021-03-29,22950.0,22980.0,23160.0
2021-03-30,22950.0,22980.0,23160.0
2021-03-31,22960.0,22990.0,23170.0
2021-04-01,22960.0,22990.0,23170.0
2021-04-02,22950.0,22980.0,23160.0
2021-04-03,22950.0,22980.0,23160.0
2021-04-04,22950.0,22980.0,23160.0
2021-04-05,22950.0,22980.0,23160.0
2021-04-06,22970.0,23000.0,23180.0
2021-04-07,22970.0,23000.0,23180.0
2021-04-08,22970.0,23000.0,23180.0
2021-04-09,22950.0,22980.0,23160.0
2021-04-10,22950.0,22980.0,23160.0
2021-04-11,22950.0,22980.0,23160.0
2021-04-12,22950.0,22980.0,23160.0
2021-04-13,22950.0,22980.0,23160.0
2021-04-14,22950.0,22980.0,23160.0
2021-04-15,22950.0,22980.0,23160.0
2021-04-16,22950.0,22980.0,23160.0
2021-04-17,22950.0,22980.0,23160.0
2021-04-18,22950.0,22980.0,23160.0
2021-04-19,22955.0,22985.0,23165.0
2021-04-20,22960.0,22990.0,23170.0
2021-04-21,22960.0,22990.0,23170.0
2021-04-22,22955.0,22985.0,23165.0
2021-04-23,22945.0,22975.0,23155.0
2021-04-24,22945.0,22975.0,23155.0
2021-04-25,22945.0,22975.0,23155.0
2021-04-26,22940.0,22970.0,23150.0
2021-04-27,22930.0,22960.0,23140.0
2021-04-28,22930.0,22960.0,23140.0
2021-04-29,22930.0,22960.0,23140.0
2021-04-30,22930.0,22960.0,23140.0
2021-05-01,22930.0,22960.0,23140.0
2021-05-02,22930.0,22960.0,23140.0
2021-05-03,22930.0,22960.0,23140.0
2021-05-04,22940.0,22970.0,23150.0
2021-05-05,22940.0,22970.0,23150.0
2021-05-06,22940.0,22970.0,23150.0
2021-05-07,22950.0,22980.0,23160.0
2021-05-08,22950.0,22980.0,23160.0
2021-05-09,22950.0,22980.0,23160.0
2021-05-10,22940.0,22970.0,23150.0
2021-05-11,22930.0,22960.0,23160.0
2021-05-12,22930.0,22960.0,23160.0
2021-05-13,22910.0,22940.0,23140.0
2021-05-14,22920.0,22950.0,23150.0
2021-05-15,22920.0,22950.0,23150.0
2021-05-16,22920.0,22950.0,23150.0
2021-05-17,22910.0,22940.0,23140.0
2021-05-18,22920.0,22950.0,23150.0
2021-05-19,22920.0,22950.0,23150.0
2021-05-20,22920.0,22950.0,23150.0
2021-05-21,22920.0,22950.0,23150.0
2021-05-22,22920.0,22950.0,23150.0
2021-05-23,22920.0,22950.0,23150.0
2021-05-24,22930.0,22960.0,23160.0
2021-05-25,22930.0,22960.0,23160.0
2021-05-26,22930.0,22960.0,23160.0
2021-05-27,22910.0,22940.0,23140.0
2021-05-28,22910.0,22940.0,23140.0
2021-05-29,22910.0,22940.0,23140.0
2021-05-30,22910.0,22940.0,23140.0
2021-05-31,22915.0,22945.0,23145.0
2021-06-01,22915.0,22945.0,23145.0
2021-06-02,22915.0,22945.0,23145.0
2021-06-03,22910.0,22940.0,23140.0
2021-06-04,22920.0,22950.0,23150.0
2021-06-05,22920.0,22950.0,23150.0
2021-06-06,22920.0,22950.0,23150.0
2021-06-07,22840.0,22870.0,23070.0
2021-06-08,22830.0,22860.0,23060.0
2021-06-09,22830.0,22860.0,23060.0
2021-06-10,22810.0,22840.0,23040.0
2021-06-11,22820.0,22850.0,23050.0
2021-06-12,22820.0,22850.0,23050.0
2021-06-13,22820.0,22850.0,23050.0
2021-06-14,22820.0,22850.0,23050.0
2021-06-15,22820.0,22850.0,23050.0
2021-06-16,22820.0,22850.0,23050.0
2021-06-17,22830.0,22860.0,23060.0
2021-06-18,22880.0,22910.0,23110.0
2021-06-19,22880.0,22910.0,23110.0
2021-06-20,22880.0,22910.0,23110.0
2021-06-21,22890.0,22920.0,23120.0
2021-06-22,22890.0,22920.0,23120.0
2021-06-23,22890.0,22920.0,23120.0
2021-06-24,22870.0,22900.0,23100.0
2021-06-25,22880.0,22910.0,23110.0
2021-06-26,22880.0,22910.0,23110.0
2021-06-27,22880.0,22910.0,23110.0
2021-06-28,22890.0,22920.0,23120.0
2021-06-29,22890.0,22920.0,23120.0
2021-06-30,22890.0,22920.0,23120.0
2021-07-01,22880.0,22910.0,23110.0
2021-07-02,22870.0,22900.0,23100.0
2021-07-03,22870.0,22900.0,23100.0
2021-07-04,22870.0,22900.0,23100.0
2021-07-05,22870.0,22900.0,23100.0
2021-07-06,22870.0,22900.0,23100.0
2021-07-07,22870.0,22900.0,23100.0
2021-07-08,22890.0,22920.0,23120.0
2021-07-09,22870.0,22900.0,23100.0
2021-07-10,22870.0,22900.0,23100.0
2021-07-11,22870.0,22900.0,23100.0
2021-07-12,22890.0,22920.0,23120.0
2021-07-13,22890.0,22920.0,23120.0
2021-07-14,22880.0,22910.0,23110.0
2021-07-15,22890.0,22920.0,23120.0
2021-07-16,22880.0,22910.0,23110.0
2021-07-17,22880.0,22910.0,23110.0
2021-07-18,22880.0,22910.0,23110.0
2021-07-19,22890.0,22920.0,23120.0
2021-07-20,22900.0,22930.0,23130.0
2021-07-21,22900.0,22930.0,23130.0
2021-07-22,22890.0,22920.0,23120.0
2021-07-23,22880.0,22910.0,23110.0
2021-07-24,22880.0,22910.0,23110.0
2021-07-25,22880.0,22910.0,23110.0
2021-07-26,22880.0,22910.0,23110.0
2021-07-27,22880.0,22910.0,23110.0
2021-07-28,22865.0,22895.0,23095.0
2021-07-29,22840.0,22870.0,23070.0
2021-07-30,22820.0,22850.0,23050.0
2021-07-31,22820.0,22850.0,23050.0
2021-08-01,22820.0,22850.0,23050.0
2021-08-02,22820.0,22850.0,23050.0
2021-08-03,22820.0,22850.0,23050.0
2021-08-04,22810.0,22840.0,23040.0
2021-08-05,22810.0,22840.0,23040.0
2021-08-06,22800.0,22830.0,23030.0
2021-08-07,22800.0,22830.0,23030.0
2021-08-08,22800.0,22830.0,23030.0
2021-08-09,22800.0,22830.0,23030.0
2021-08-10,22770.0,22800.0,23000.0
2021-08-11,22670.0,22700.0,22900.0
2021-08-12,22680.0,22710.0,22910.0
2021-08-13,22700.0,22730.0,22930.0
2021-08-14,22700.0,22730.0,22930.0
2021-08-15,22700.0,22730.0,22930.0
2021-08-16,22710.0,22740.0,22940.0
2021-08-17,22705.0,22735.0,22935.0
2021-08-18,22680.0,22710.0,22910.0
2021-08-19,22680.0,22710.0,22910.0
2021-08-20,22685.0,22715.0,22915.0
2021-08-21,22685.0,22715.0,22915.0
2021-08-22,22685.0,22715.0,22915.0
2021-08-23,22695.0,22725.0,22925.0
2021-08-24,22695.0,22725.0,22925.0
2021-08-25,22670.0,22700.0,22900.0
2021-08-26,22650.0,22680.0,22880.0
2021-08-27,22660.0,22690.0,22890.0
2021-08-28,22660.0,22690.0,22890.0
2021-08-29,22660.0,22690.0,22890.0
2021-08-30,22650.0,22680.0,22880.0
2021-08-31,22640.0,22670.0,22870.0
2021-09-01,22650.0,22680.0,22880.0
2021-09-02,22650.0,22680.0,22880.0
2021-09-03,22650.0,22680.0,22880.0
2021-09-04,22650.0,22680.0,22880.0
2021-09-05,22650.0,22680.0,22880.0
2021-09-06,22635.0,22665.0,22865.0
2021-09-07,22630.0,22660.0,22860.0
2021-09-08,22640.0,22670.0,22870.0
2021-09-09,22640.0,22670.0,22870.0
2021-09-10,22640.0,22670.0,22870.0
2021-09-11,22640.0,22670.0,22870.0
2021-09-12,22640.0,22670.0,22870.0
2021-09-13,22640.0,22670.0,22870.0
2021-09-14,22640.0,22670.0,22870.0
2021-09-15,22630.0,22660.0,22860.0
2021-09-16,22630.0,22660.0,22860.0
2021-09-17,22640.0,22670.0,22870.0
2021-09-18,22640.0,22670.0,22870.0
2021-09-19,22640.0,22670.0,22870.0
2021-09-20,22645.0,22675.0,22875.0
2021-09-21,22640.0,22670.0,22870.0
2021-09-22,22630.0,22660.0,22860.0
2021-09-23,22630.0,22660.0,22860.0
2021-09-24,22630.0,22660.0,22860.0
2021-09-25,22630.0,22660.0,22860.0
2021-09-26,22630.0,22660.0,22860.0
2021-09-27,22630.0,22660.0,22860.0
2021-09-28,22640.0,22670.0,22870.0
2021-09-29,22630.0,22660.0,22860.0
2021-09-30,22630.0,22660.0,22860.0
2021-10-01,22630.0,22660.0,22860.0
2021-10-02,22630.0,22660.0,22860.0
2021-10-03,22630.0,22660.0,22860.0
2021-10-04,22630.0,22660.0,22860.0
2021-10-05,22630.0,22660.0,22860.0
2021-10-06,22630.0,22660.0,22860.0
2021-10-07,22630.0,22660.0,22860.0
2021-10-08,22630.0,22660.0,22860.0
2021-10-09,22630.0,22660.0,22860.0
2021-10-10,22630.0,22660.0,22860.0
2021-10-11,22630.0,22660.0,22860.0
2021-10-12,22620.0,22650.0,22850.0
2021-10-13,22630.0,22660.0,22860.0
2021-10-14,22630.0,22660.0,22860.0
2021-10-15,22630.0,22660.0,22860.0
2021-10-16,22630.0,22660.0,22860.0
2021-10-17,22630.0,22660.0,22860.0
2021-10-18,22630.0,22660.0,22860.0
2021-10-19,22630.0,22660.0,22860.0
2021-10-20,22625.0,22655.0,22855.0
2021-10-21,22625.0,22655.0,22855.0
2021-10-22,22625.0,22655.0,22855.0
2021-10-23,22625.0,22655.0,22855.0
2021-10-24,22625.0,22655.0,22855.0
2021-10-25,22625.0,22655.0,22855.0
2021-10-26,22625.0,22655.0,22855.0
2021-10-27,22625.0,22655.0,22855.0
2021-10-28,22625.0,22655.0,22855.0
2021-10-29,22620.0,22650.0,22850.0
2021-10-30,22620.0,22650.0,22850.0
2021-10-31,22620.0,22650.0,22850.0
2021-11-01,22620.0,22650.0,22850.0
2021-11-02,22620.0,22650.0,22850.0
2021-11-03,22600.0,22630.0,22830.0
2021-11-04,22550.0,22580.0,22780.0
2021-11-05,22540.0,22570.0,22770.0
2021-11-06,22540.0,22570.0,22770.0
2021-11-07,22540.0,22570.0,22770.0
2021-11-08,22530.0,22560.0,22760.0
2021-11-09,22530.0,22560.0,22760.0
2021-11-10,22530.0,22560.0,22760.0
2021-11-11,22515.0,22545.0,22745.0
2021-11-12,22515.0,22545.0,22745.0
2021-11-13,22515.0,22545.0,22745.0
2021-11-14,22515.0,22545.0,22745.0
2021-11-15,22520.0,22550.0,22750.0
2021-11-16,22520.0,22550.0,22750.0
2021-11-17,22520.0,22550.0,22750.0
2021-11-18,22520.0,22550.0,22750.0
2021-11-19,22525.0,22555.0,22755.0
2021-11-20,22525.0,22555.0,22755.0
2021-11-21,22525.0,22555.0,22755.0
2021-11-22,22540.0,22570.0,22770.0
2021-11-23,22545.0,22575.0,22775.0
2021-11-24,22555.0,22585.0,22785.0
2021-11-25,22545.0,22575.0,22775.0
2021-11-26,22545.0,22575.0,22775.0
2021-11-27,22545.0,22575.0,22775.0
2021-11-28,22545.0,22575.0,22775.0
2021-11-29,22560.0,22590.0,22790.0
2021-11-30,22570.0,22600.0,22800.0
2021-12-01,22580.0,22610.0,22810.0
2021-12-02,22600.0,22630.0,22830.0
2021-12-03,22670.0,22700.0,22940.0
2021-12-04,22670.0,22700.0,22940.0
2021-12-05,22670.0,22700.0,22940.0
2021-12-06,22950.0,22980.0,23220.0
2021-12-07,22930.0,22960.0,23200.0
2021-12-08,22810.0,22840.0,23080.0
2021-12-09,22830.0,22860.0,23100.0
2021-12-10,22830.0,22860.0,23100.0
2021-12-11,22830.0,22860.0,23100.0
2021-12-12,22830.0,22860.0,23100.0
2021-12-13,22820.0,22850.0,23090.0
2021-12-14,22840.0,22870.0,23110.0
2021-12-15,22870.0,22900.0,23140.0
2021-12-16,22850.0,22880.0,23120.0
2021-12-17,22790.0,22820.0,23100.0
2021-12-18,22790.0,22820.0,23100.0
2021-12-19,22790.0,22820.0,23100.0
2021-12-20,22760.0,22790.0,23070.0
2021-12-21,22730.0,22760.0,23040.0
2021-12-22,22780.0,22810.0,23090.0
2021-12-23,22785.0,22815.0,23095.0
2021-12-24,22700.0,22730.0,23010.0
2021-12-25,22700.0,22730.0,23010.0
2021-12-26,22700.0,22730.0,23010.0
2021-12-27,22620.0,22650.0,22930.0
2021-12-28,22670.0,22700.0,22980.0
2021-12-29,22670.0,22700.0,22980.0
2021-12-30,22610.0,22640.0,22920.0
2021-12-31,22610.0,22640.0,22920.0
2022-01-01,22610.0,22640.0,22920.0
2022-01-02,22610.0,22640.0,22920.0
2022-01-03,22610.0,22640.0,22920.0
2022-01-04,22610.0,22640.0,22920.0
2022-01-05,22590.0,22620.0,22900.0
2022-01-06,22590.0,22620.0,22900.0
2022-01-07,22540.0,22570.0,22850.0
2022-01-08,22540.0,22570.0,22850.0
2022-01-09,22540.0,22570.0,22850.0
2022-01-10,22510.0,22540.0,22820.0
2022-01-11,22530.0,22560.0,22840.0
2022-01-12,22530.0,22560.0,22840.0
2022-01-13,22530.0,22560.0,22840.0
2022-01-14,22540.0,22570.0,22850.0
2022-01-15,22540.0,22570.0,22850.0
2022-01-16,22540.0,22570.0,22850.0
2022-01-17,22540.0,22570.0,22850.0
2022-01-18,22560.0,22590.0,22870.0
2022-01-19,22530.0,22560.0,22840.0
2022-01-20,22470.0,22500.0,22780.0
2022-01-21,22450.0,22480.0,22760.0
2022-01-22,22450.0,22480.0,22760.0
2022-01-23,22450.0,22480.0,22760.0
2022-01-24,22500.0,22530.0,22810.0
2022-01-25,22470.0,22500.0,22780.0
2022-01-26,22460.0,22490.0,22770.0
2022-01-27,22470.0,22500.0,22780.0
2022-01-28,22470.0,22500.0,22780.0
2022-01-29,22470.0,22500.0,22780.0
2022-01-30,22470.0,22500.0,22780.0
2022-01-31,22470.0,22500.0,22780.0
2022-02-01,22470.0,22500.0,22780.0
2022-02-02,22470.0,22500.0,22780.0
2022-02-03,22470.0,22500.0,22780.0
2022-02-04,22470.0,22500.0,22780.0
2022-02-05,22470.0,22500.0,22780.0
2022-02-06,22470.0,22500.0,22780.0
2022-02-07,22500.0,22530.0,22810.0
2022-02-08,22570.0,22600.0,22880.0
2022-02-09,22520.0,22550.0,22830.0
2022-02-10,22510.0,22540.0,22820.0
2022-02-11,22520.0,22550.0,22830.0
2022-02-12,22520.0,22550.0,22830.0
2022-02-13,22520.0,22550.0,22830.0
2022-02-14,22550.0,22580.0,22860.0
2022-02-15,22580.0,22610.0,22890.0
2022-02-16,22590.0,22620.0,22900.0
2022-02-17,22620.0,22650.0,22930.0
2022-02-18,22670.0,22700.0,22980.0
2022-02-19,22670.0,22700.0,22980.0
2022-02-20,22670.0,22700.0,22980.0
2022-02-21,22620.0,22650.0,22930.0
2022-02-22,22630.0,22660.0,22940.0
2022-02-23,22650.0,22680.0,22960.0
2022-02-24,22650.0,22680.0,22960.0
2022-02-25,22650.0,22680.0,22960.0
2022-02-26,22650.0,22680.0,22960.0
2022-02-27,22650.0,22680.0,22960.0
2022-02-28,22640.0,22670.0,22950.0
2022-03-01,22640.0,22670.0,22950.0
2022-03-02,22670.0,22700.0,22980.0
2022-03-03,22670.0,22700.0,22980.0
2022-03-04,22670.0,22700.0,22980.0
2022-03-05,22670.0,22700.0,22980.0
2022-03-06,22670.0,22700.0,22980.0
2022-03-07,22680.0,22710.0,22990.0
2022-03-08,22680.0,22710.0,22990.0
2022-03-09,22680.0,22710.0,22990.0
2022-03-10,22670.0,22700.0,22980.0
2022-03-11,22700.0,22730.0,23010.0
2022-03-12,22700.0,22730.0,23010.0
2022-03-13,22700.0,22730.0,23010.0
2022-03-14,22720.0,22750.0,23030.0
2022-03-15,22720.0,22750.0,23030.0
2022-03-16,22710.0,22740.0,23020.0
2022-03-17,22710.0,22740.0,23020.0
2022-03-18,22690.0,22720.0,23000.0
2022-03-19,22690.0,22720.0,23000.0
2022-03-20,22690.0,22720.0,23000.0
2022-03-21,22700.0,22730.0,23010.0
2022-03-22,22705.0,22735.0,23015.0
2022-03-23,22710.0,22740.0,23020.0
2022-03-24,22705.0,22735.0,23015.0
2022-03-25,22700.0,22730.0,23010.0
2022-03-26,22700.0,22730.0,23010.0
2022-03-27,22700.0,22730.0,23010.0
2022-03-28,22705.0,22735.0,23015.0
2022-03-29,22710.0,22740.0,23020.0
2022-03-30,22690.0,22720.0,23000.0
2022-03-31,22670.0,22700.0,22980.0
2022-04-01,22670.0,22700.0,22980.0
2022-04-02,22670.0,22700.0,22980.0
2022-04-03,22670.0,22700.0,22980.0
2022-04-04,22670.0,22700.0,22980.0
2022-04-05,22700.0,22730.0,23010.0
2022-04-06,22700.0,22730.0,23010.0
2022-04-07,22690.0,22720.0,23000.0
2022-04-08,22690.0,22720.0,23000.0
2022-04-09,22690.0,22720.0,23000.0
2022-04-10,22690.0,22720.0,23000.0
2022-04-11,22690.0,22720.0,23000.0
2022-04-12,22715.0,22745.0,23025.0
2022-04-13,22710.0,22740.0,23020.0
2022-04-14,22730.0,22760.0,23040.0
2022-04-15,22730.0,22760.0,23040.0
2022-04-16,22730.0,22760.0,23040.0
2022-04-17,22730.0,22760.0,23040.0
2022-04-18,22750.0,22780.0,23060.0
2022-04-19,22785.0,22815.0,23095.0
2022-04-20,22795.0,22825.0,23105.0
2022-04-21,22795.0,22825.0,23105.0
2022-04-22,22800.0,22830.0,23110.0
2022-04-23,22800.0,22830.0,23110.0
2022-04-24,22800.0,22830.0,23110.0
2022-04-25,22810.0,22840.0,23120.0
2022-04-26,22810.0,22840.0,23120.0
2022-04-27,22795.0,22825.0,23105.0
2022-04-28,22780.0,22810.0,23090.0
2022-04-29,22785.0,22815.0,23095.0
2022-04-30,22785.0,22815.0,23095.0
2022-05-01,22785.0,22815.0,23095.0
2022-05-02,22785.0,22815.0,23095.0
2022-05-03,22785.0,22815.0,23095.0
2022-05-04,22800.0,22830.0,23110.0
2022-05-05,22780.0,22810.0,23090.0
2022-05-06,22780.0,22810.0,23090.0
2022-05-07,22780.0,22810.0,23090.0
2022-05-08,22780.0,22810.0,23090.0
2022-05-09,22785.0,22815.0,23095.0
2022-05-10,22765.0,22795.0,23075.0
2022-05-11,22890.0,22920.0,23200.0
2022-05-12,22920.0,22950.0,23230.0
2022-05-13,22920.0,22950.0,23230.0
2022-05-14,22920.0,22950.0,23230.0
2022-05-15,22920.0,22950.0,23230.0
2022-05-16,22920.0,22950.0,23230.0
2022-05-17,22960.0,22990.0,23270.0
2022-05-18,22970.0,23000.0,23280.0
2022-05-19,22995.0,23025.0,23305.0
2022-05-20,23000.0,23030.0,23310.0
2022-05-21,23000.0,23030.0,23310.0
2022-05-22,23000.0,23030.0,23310.0
2022-05-23,23005.0,23035.0,23315.0
2022-05-24,23040.0,23070.0,23350.0
2022-05-25,23040.0,23070.0,23350.0
2022-05-26,23030.0,23060.0,23340.0
2022-05-27,23030.0,23060.0,23340.0
2022-05-28,23030.0,23060.0,23340.0
2022-05-29,23030.0,23060.0,23340.0
2022-05-30,23020.0,23050.0,23330.0
2022-05-31,23020.0,23050.0,23330.0
2022-06-01,23030.0,23060.0,23340.0
2022-06-02,23040.0,23070.0,23350.0
2022-06-03,23030.0,23060.0,23340.0
2022-06-04,23030.0,23060.0,23340.0
2022-06-05,23030.0,23060.0,23340.0
2022-06-06,23025.0,23055.0,23335.0
2022-06-07,23015.0,23045.0,23325.0
2022-06-08,23020.0,23050.0,23330.0
2022-06-09,23000.0,23030.0,23310.0
2022-06-10,23000.0,23030.0,23310.0
2022-06-11,23000.0,23030.0,23310.0
2022-06-12,23000.0,23030.0,23310.0
2022-06-13,23030.0,23060.0,23340.0
2022-06-14,23060.0,23090.0,23370.0
2022-06-15,23050.0,23080.0,23360.0
2022-06-16,23060.0,23090.0,23370.0
2022-06-17,23070.0,23100.0,23380.0
2022-06-18,23070.0,23100.0,23380.0
2022-06-19,23070.0,23100.0,23380.0
2022-06-20,23070.0,23100.0,23380.0
2022-06-21,23070.0,23100.0,23380.0
2022-06-22,23075.0,23105.0,23385.0
2022-06-23,23080.0,23110.0,23390.0
2022-06-24,23080.0,23110.0,23390.0
2022-06-25,23080.0,23110.0,23390.0
2022-06-26,23080.0,23110.0,23390.0
2022-06-27,23080.0,23110.0,23390.0
2022-06-28,23080.0,23110.0,23390.0
2022-06-29,23070.0,23100.0,23380.0
2022-06-30,23105.0,23135.0,23415.0
2022-07-01,23130.0,23160.0,23440.0
2022-07-02,23130.0,23160.0,23440.0
2022-07-03,23130.0,23160.0,23440.0
2022-07-04,23160.0,23190.0,23470.0
2022-07-05,23180.0,23210.0,23490.0
2022-07-06,23195.0,23225.0,23505.0
2022-07-07,23180.0,23210.0,23490.0
2022-07-08,23190.0,23220.0,23500.0
2022-07-09,23190.0,23220.0,23500.0
2022-07-10,23190.0,23220.0,23500.0
2022-07-11,23180.0,23210.0,23490.0
2022-07-12,23210.0,23240.0,23520.0
2022-07-13,23220.0,23250.0,23530.0
2022-07-14,23235.0,23265.0,23545.0
2022-07-15,23270.0,23300.0,23580.0
2022-07-16,23270.0,23300.0,23580.0
2022-07-17,23270.0,23300.0,23580.0
2022-07-18,23280.0,23310.0,23590.0
2022-07-19,23260.0,23290.0,23570.0
2022-07-20,23250.0,23280.0,23560.0
2022-07-21,23250.0,23280.0,23560.0
2022-07-22,23240.0,23270.0,23550.0
2022-07-23,23240.0,23270.0,23550.0
2022-07-24,23240.0,23270.0,23550.0
2022-07-25,23220.0,23250.0,23530.0
2022-07-26,23185.0,23215.0,23495.0
2022-07-27,23200.0,23230.0,23510.0
2022-07-28,23210.0,23240.0,23520.0
2022-07-29,23170.0,23200.0,23480.0
2022-07-30,23170.0,23200.0,23480.0
2022-07-31,23170.0,23200.0,23480.0
2022-08-01,23180.0,23210.0,23490.0
2022-08-02,23190.0,23220.0,23500.0
2022-08-03,23220.0,23250.0,23530.0
2022-08-04,23230.0,23260.0,23540.0
2022-08-05,23220.0,23250.0,23530.0
2022-08-06,23220.0,23250.0,23530.0
2022-08-07,23220.0,23250.0,23530.0
2022-08-08,23220.0,23250.0,23530.0
2022-08-09,23220.0,23250.0,23530.0
2022-08-10,23220.0,23250.0,23530.0
2022-08-11,23220.0,23250.0,23530.0
2022-08-12,23220.0,23250.0,23530.0
2022-08-13,23220.0,23250.0,23530.0
2022-08-14,23220.0,23250.0,23530.0
2022-08-15,23230.0,23260.0,23540.0
2022-08-16,23230.0,23260.0,23540.0
2022-08-17,23235.0,23265.0,23545.0
2022-08-18,23230.0,23260.0,23540.0
2022-08-19,23235.0,23265.0,23545.0
2022-08-20,23235.0,23265.0,23545.0
2022-08-21,23235.0,23265.0,23545.0
2022-08-22,23235.0,23265.0,23545.0
2022-08-23,23260.0,23290.0,23570.0
2022-08-24,23300.0,23330.0,23610.0
2022-08-25,23250.0,23280.0,23560.0
2022-08-26,23260.0,23290.0,23570.0
2022-08-27,23260.0,23290.0,23570.0
2022-08-28,23260.0,23290.0,23570.0
2022-08-29,23240.0,23270.0,23550.0
2022-08-30,23260.0,23290.0,23570.0
2022-08-31,23290.0,23320.0,23600.0
2022-09-01,23290.0,23320.0,23600.0
2022-09-02,23290.0,23320.0,23600.0
2022-09-03,23290.0,23320.0,23600.0
2022-09-04,23290.0,23320.0,23600.0
2022-09-05,23370.0,23400.0,23680.0
2022-09-06,23370.0,23400.0,23680.0
2022-09-07,23430.0,23460.0,23740.0
2022-09-08,23360.0,23390.0,23670.0
2022-09-09,23380.0,23410.0,23690.0
2022-09-10,23380.0,23410.0,23690.0
2022-09-11,23380.0,23410.0,23690.0
2022-09-12,23360.0,23390.0,23670.0
2022-09-13,23380.0,23410.0,23690.0
2022-09-14,23420.0,23450.0,23730.0
2022-09-15,23430.0,23460.0,23740.0
2022-09-16,23485.0,23515.0,23795.0
2022-09-17,23485.0,23515.0,23795.0
2022-09-18,23485.0,23515.0,23795.0
2022-09-19,23500.0,23530.0,23810.0
2022-09-20,23500.0,23530.0,23810.0
2022-09-21,23515.0,23545.0,23825.0
2022-09-22,23535.0,23565.0,23845.0
2022-09-23,23535.0,23565.0,23845.0
2022-09-24,23535.0,23565.0,23845.0
2022-09-25,23535.0,23565.0,23845.0
2022-09-26,23560.0,23590.0,23870.0
2022-09-27,23565.0,23595.0,23875.0
2022-09-28,23580.0,23610.0,23890.0
2022-09-29,23640.0,23670.0,23950.0
2022-09-30,23700.0,23730.0,24010.0
2022-10-01,23700.0,23730.0,24010.0
2022-10-02,23700.0,23730.0,24010.0
2022-10-03,23730.0,23760.0,24040.0
2022-10-04,23720.0,23750.0,24030.0
2022-10-05,23710.0,23740.0,24020.0
2022-10-06,23705.0,23735.0,24015.0
2022-10-07,23710.0,23740.0,24020.0
2022-10-08,23710.0,23740.0,24020.0
2022-10-09,23710.0,23740.0,24020.0
2022-10-10,23710.0,23740.0,24020.0
2022-10-11,23760.0,23790.0,24070.0
2022-10-12,23770.0,23800.0,24080.0
2022-10-13,23890.0,23920.0,24200.0
2022-10-14,23920.0,23950.0,24230.0
2022-10-15,23920.0,23950.0,24230.0
2022-10-16,23920.0,23950.0,24230.0
2022-10-17,24130.0,24160.0,24440.0
2022-10-18,24240.0,24270.0,24550.0
2022-10-19,24320.0,24350.0,24630.0
2022-10-20,24360.0,24390.0,24670.0
2022-10-21,24560.0,24590.0,24870.0
2022-10-22,24560.0,24590.0,24870.0
2022-10-23,24560.0,24590.0,24870.0
2022-10-24,24575.0,24605.0,24885.0
2022-10-25,24578.0,24608.0,24888.0
2022-10-26,24572.0,24602.0,24882.0
2022-10-27,24567.0,24597.0,24877.0
2022-10-28,24567.0,24597.0,24877.0
2022-10-29,24567.0,24597.0,24877.0
2022-10-30,24567.0,24597.0,24877.0
2022-10-31,24569.0,24599.0,24879.0
2022-11-01,24571.0,24601.0,24881.0
2022-11-02,24562.0,24592.0,24872.0
2022-11-03,24561.0,24591.0,24871.0
2022-11-04,24567.0,24597.0,24877.0
2022-11-05,24567.0,24597.0,24877.0
2022-11-06,24567.0,24597.0,24877.0
2022-11-07,24604.0,24634.0,24874.0
2022-11-08,24692.0,24722.0,24872.0
2022-11-09,24692.0,24722.0,24872.0
2022-11-10,24690.0,24720.0,24870.0
2022-11-11,24630.0,24660.0,24860.0
2022-11-12,24630.0,24660.0,24860.0
2022-11-13,24630.0,24660.0,24860.0
2022-11-14,24575.0,24605.0,24855.0
2022-11-15,24580.0,24610.0,24860.0
2022-11-16,24580.0,24610.0,24860.0
2022-11-17,24580.0,24610.0,24860.0
2022-11-18,24578.0,24608.0,24858.0
2022-11-19,24578.0,24608.0,24858.0
2022-11-20,24578.0,24608.0,24858.0
2022-11-21,24577.0,24607.0,24857.0
2022-11-22,24627.0,24657.0,24857.0
2022-11-23,24625.0,24655.0,24855.0
2022-11-24,24624.0,24654.0,24854.0
2022-11-25,24570.0,24600.0,24840.0
2022-11-26,24570.0,24600.0,24840.0
2022-11-27,24570.0,24600.0,24840.0
2022-11-28,24570.0,24600.0,24840.0
2022-11-29,24580.0,24610.0,24850.0
2022-11-30,24490.0,24520.0,24800.0
2022-12-01,24330.0,24360.0,24640.0
2022-12-02,23930.0,23960.0,24240.0
2022-12-03,23930.0,23960.0,24240.0
2022-12-04,23930.0,23960.0,24240.0
2022-12-05,23760.0,23790.0,24070.0
2022-12-06,23870.0,23900.0,24180.0
2022-12-07,23710.0,23740.0,24020.0
2022-12-08,23570.0,23600.0,23880.0
2022-12-09,23390.0,23420.0,23700.0
2022-12-10,23390.0,23420.0,23700.0
2022-12-11,23390.0,23420.0,23700.0
2022-12-12,23530.0,23560.0,23840.0
2022-12-13,23440.0,23470.0,23750.0
2022-12-14,23340.0,23370.0,23650.0
2022-12-15,23320.0,23350.0,23630.0
2022-12-16,23410.0,23440.0,23720.0
2022-12-17,23410.0,23440.0,23720.0
2022-12-18,23410.0,23440.0,23720.0
2022-12-19,23510.0,23540.0,23820.0
2022-12-20,23570.0,23600.0,23880.0
2022-12-21,23550.0,23580.0,23860.0
2022-12-22,23510.0,23540.0,23820.0
2022-12-23,23400.0,23430.0,23750.0
2022-12-24,23400.0,23430.0,23750.0
2022-12-25,23400.0,23430.0,23750.0
2022-12-26,23450.0,23480.0,23800.0
2022-12-27,23400.0,23430.0,23750.0
2022-12-28,23400.0,23430.0,23750.0
2022-12-29,23430.0,23460.0,23780.0
2022-12-30,23380.0,23410.0,23730.0
2022-12-31,23380.0,23410.0,23730.0
2023-01-01,23380.0,23410.0,23730.0
2023-01-02,23380.0,23410.0,23730.0
2023-01-03,23340.0,23370.0,23690.0
2023-01-04,23320.0,23350.0,23670.0
2023-01-05,23310.0,23340.0,23660.0
2023-01-06,23280.0,23310.0,23630.0
2023-01-07,23280.0,23310.0,23630.0
2023-01-08,23280.0,23310.0,23630.0
2023-01-09,23270.0,23300.0,23620.0
2023-01-10,23270.0,23300.0,23620.0
2023-01-11,23260.0,23290.0,23610.0
2023-01-12,23260.0,23290.0,23610.0
2023-01-13,23260.0,23290.0,23610.0
2023-01-14,23260.0,23290.0,23610.0
2023-01-15,23260.0,23290.0,23610.0
2023-01-16,23260.0,23290.0,23610.0
2023-01-17,23250.0,23280.0,23600.0
2023-01-18,23250.0,23280.0,23600.0
2023-01-19,23250.0,23280.0,23620.0
2023-01-20,23250.0,23280.0,23620.0
2023-01-21,23250.0,23280.0,23620.0
2023-01-22,23250.0,23280.0,23620.0
2023-01-23,23250.0,23280.0,23620.0
2023-01-24,23250.0,23280.0,23620.0
2023-01-25,23250.0,23280.0,23620.0
2023-01-26,23250.0,23280.0,23620.0
2023-01-27,23260.0,23290.0,23630.0
2023-01-28,23260.0,23290.0,23630.0
2023-01-29,23260.0,23290.0,23630.0
2023-01-30,23250.0,23280.0,23620.0
2023-01-31,23250.0,23280.0,23620.0
2023-02-01,23250.0,23280.0,23620.0
2023-02-02,23250.0,23280.0,23620.0
2023-02-03,23250.0,23280.0,23620.0
2023-02-04,23250.0,23280.0,23620.0
2023-02-05,23250.0,23280.0,23620.0
2023-02-06,23270.0,23300.0,23640.0
2023-02-07,23420.0,23450.0,23790.0
2023-02-08,23400.0,23430.0,23770.0
2023-02-09,23360.0,23390.0,23730.0
2023-02-10,23375.0,23405.0,23745.0
2023-02-11,23375.0,23405.0,23745.0
2023-02-12,23375.0,23405.0,23745.0
2023-02-13,23400.0,23430.0,23770.0
2023-02-14,23400.0,23430.0,23770.0
2023-02-15,23420.0,23450.0,23790.0
2023-02-16,23470.0,23500.0,23840.0
2023-02-17,23610.0,23640.0,23980.0
2023-02-18,23610.0,23640.0,23980.0
2023-02-19,23610.0,23640.0,23980.0
2023-02-20,23530.0,23560.0,23900.0
2023-02-21,23510.0,23540.0,23880.0
2023-02-22,23580.0,23610.0,23950.0
2023-02-23,23620.0,23650.0,23990.0
2023-02-24,23600.0,23630.0,23970.0
2023-02-25,23600.0,23630.0,23970.0
2023-02-26,23600.0,23630.0,23970.0
2023-02-27,23620.0,23650.0,23990.0
2023-02-28,23570.0,23600.0,23940.0
2023-03-01,23550.0,23580.0,23920.0
2023-03-02,23505.0,23535.0,23875.0
2023-03-03,23520.0,23550.0,23890.0
2023-03-04,23520.0,23550.0,23890.0
2023-03-05,23520.0,23550.0,23890.0
2023-03-06,23500.0,23530.0,23870.0
2023-03-07,23460.0,23490.0,23830.0
2023-03-08,23510.0,23540.0,23880.0
2023-03-09,23505.0,23535.0,23875.0
2023-03-10,23470.0,23500.0,23840.0
2023-03-11,23470.0,23500.0,23840.0
2023-03-12,23470.0,23500.0,23840.0
2023-03-13,23370.0,23400.0,23740.0
2023-03-14,23370.0,23400.0,23740.0
2023-03-15,23380.0,23410.0,23750.0
2023-03-16,23380.0,23410.0,23750.0
2023-03-17,23380.0,23410.0,23750.0
2023-03-18,23380.0,23410.0,23750.0
2023-03-19,23380.0,23410.0,23750.0
2023-03-20,23380.0,23410.0,23750.0
2023-03-21,23380.0,23410.0,23750.0
2023-03-22,23320.0,23350.0,23690.0
2023-03-23,23300.0,23330.0,23670.0
2023-03-24,23310.0,23340.0,23680.0
2023-03-25,23310.0,23340.0,23680.0
2023-03-26,23310.0,23340.0,23680.0
2023-03-27,23310.0,23340.0,23680.0
2023-03-28,23290.0,23320.0,23660.0
2023-03-29,23280.0,23310.0,23650.0
2023-03-30,23270.0,23300.0,23640.0
2023-03-31,23260.0,23290.0,23630.0
2023-04-01,23260.0,23290.0,23630.0
2023-04-02,23260.0,23290.0,23630.0
2023-04-03,23280.0,23310.0,23650.0
2023-04-04,23265.0,23295.0,23635.0
2023-04-05,23250.0,23280.0,23620.0
2023-04-06,23250.0,23280.0,23620.0
2023-04-07,23250.0,23280.0,23620.0
2023-04-08,23250.0,23280.0,23620.0
2023-04-09,23250.0,23280.0,23620.0
2023-04-10,23250.0,23280.0,23620.0
2023-04-11,23260.0,23290.0,23630.0
2023-04-12,23260.0,23290.0,23630.0
2023-04-13,23240.0,23270.0,23610.0
2023-04-14,23250.0,23280.0,23620.0
2023-04-15,23250.0,23280.0,23620.0
2023-04-16,23250.0,23280.0,23620.0
2023-04-17,23290.0,23320.0,23660.0
2023-04-18,23330.0,23360.0,23700.0
2023-04-19,23275.0,23305.0,23645.0
2023-04-20,23290.0,23320.0,23660.0
2023-04-21,23290.0,23320.0,23660.0
2023-04-22,23290.0,23320.0,23660.0
2023-04-23,23290.0,23320.0,23660.0
2023-04-24,23280.0,23310.0,23650.0
2023-04-25,23280.0,23310.0,23650.0
2023-04-26,23280.0,23310.0,23650.0
2023-04-27,23260.0,23290.0,23630.0
2023-04-28,23260.0,23290.0,23630.0
2023-04-29,23260.0,23290.0,23630.0
2023-04-30,23260.0,23290.0,23630.0
2023-05-01,23260.0,23290.0,23630.0
2023-05-02,23260.0,23290.0,23630.0
2023-05-03,23260.0,23290.0,23630.0
2023-05-04,23250.0,23280.0,23620.0
2023-05-05,23250.0,23280.0,23620.0
2023-05-06,23250.0,23280.0,23620.0
2023-05-07,23250.0,23280.0,23620.0
2023-05-08,23260.0,23290.0,23630.0
2023-05-09,23260.0,23290.0,23630.0
2023-05-10,23270.0,23300.0,23640.0
2023-05-11,23270.0,23300.0,23640.0
2023-05-12,23270.0,23300.0,23640.0
2023-05-13,23270.0,23300.0,23640.0
2023-05-14,23270.0,23300.0,23640.0
2023-05-15,23250.0,23280.0,23620.0
2023-05-16,23250.0,23280.0,23620.0
2023-05-17,23255.0,23285.0,23625.0
2023-05-18,23250.0,23280.0,23620.0
2023-05-19,23290.0,23320.0,23660.0
2023-05-20,23290.0,23320.0,23660.0
2023-05-21,23290.0,23320.0,23660.0
2023-05-22,23245.0,23275.0,23615.0
2023-05-23,23260.0,23290.0,23630.0
2023-05-24,23290.0,23320.0,23660.0
2023-05-25,23270.0,23300.0,23640.0
2023-05-26,23290.0,23320.0,23660.0
2023-05-27,23290.0,23320.0,23660.0
2023-05-28,23290.0,23320.0,23660.0
2023-05-29,23280.0,23310.0,23650.0
2023-05-30,23285.0,23315.0,23655.0
2023-05-31,23295.0,23325.0,23665.0
2023-06-01,23280.0,23310.0,23650.0
2023-06-02,23280.0,23310.0,23650.0
2023-06-03,23280.0,23310.0,23650.0
2023-06-04,23280.0,23310.0,23650.0
2023-06-05,23300.0,23330.0,23670.0
2023-06-06,23290.0,23320.0,23660.0
2023-06-07,23290.0,23320.0,23660.0
2023-06-08,23290.0,23320.0,23660.0
2023-06-09,23280.0,23310.0,23650.0
2023-06-10,23280.0,23310.0,23650.0
2023-06-11,23280.0,23310.0,23650.0
2023-06-12,23270.0,23300.0,23640.0
2023-06-13,23290.0,23320.0,23660.0
2023-06-14,23300.0,23330.0,23670.0
2023-06-15,23330.0,23360.0,23700.0
2023-06-16,23330.0,23360.0,23700.0
2023-06-17,23330.0,23360.0,23700.0
2023-06-18,23330.0,23360.0,23700.0
2023-06-19,23320.0,23350.0,23690.0
2023-06-20,23320.0,23350.0,23690.0
2023-06-21,23310.0,23340.0,23680.0
2023-06-22,23310.0,23340.0,23680.0
2023-06-23,23320.0,23350.0,23690.0
2023-06-24,23320.0,23350.0,23690.0
2023-06-25,23320.0,23350.0,23690.0
2023-06-26,23330.0,23360.0,23700.0
2023-06-27,23340.0,23370.0,23710.0
2023-06-28,23350.0,23380.0,23720.0
2023-06-29,23360.0,23390.0,23730.0
2023-06-30,23380.0,23410.0,23750.0
2023-07-01,23380.0,23410.0,23750.0
2023-07-02,23380.0,23410.0,23750.0
2023-07-03,23450.0,23480.0,23820.0
2023-07-04,23490.0,23520.0,23860.0
2023-07-05,23550.0,23580.0,23920.0
2023-07-06,23530.0,23560.0,23900.0
2023-07-07,23440.0,23470.0,23810.0
2023-07-08,23440.0,23470.0,23810.0
2023-07-09,23440.0,23470.0,23810.0
2023-07-10,23450.0,23480.0,23820.0
2023-07-11,23490.0,23520.0,23860.0
2023-07-12,23480.0,23510.0,23850.0
2023-07-13,23445.0,23475.0,23815.0
2023-07-14,23440.0,23470.0,23810.0
2023-07-15,23440.0,23470.0,23810.0
2023-07-16,23440.0,23470.0,23810.0
2023-07-17,23430.0,23460.0,23800.0
2023-07-18,23440.0,23470.0,23810.0
2023-07-19,23435.0,23465.0,23805.0
2023-07-20,23440.0,23470.0,23810.0
2023-07-21,23450.0,23480.0,23820.0
2023-07-22,23450.0,23480.0,23820.0
2023-07-23,23450.0,23480.0,23820.0
2023-07-24,23455.0,23485.0,23825.0
2023-07-25,23460.0,23490.0,23830.0
2023-07-26,23465.0,23495.0,23835.0
2023-07-27,23470.0,23500.0,23840.0
2023-07-28,23490.0,23520.0,23860.0
2023-07-29,23490.0,23520.0,23860.0
2023-07-30,23490.0,23520.0,23860.0
2023-07-31,23485.0,23515.0,23855.0
2023-08-01,23490.0,23520.0,23860.0
2023-08-02,23525.0,23555.0,23895.0
2023-08-03,23550.0,23580.0,23920.0
2023-08-04,23520.0,23550.0,23890.0
2023-08-05,23520.0,23550.0,23890.0
2023-08-06,23520.0,23550.0,23890.0
2023-08-07,23520.0,23550.0,23890.0
2023-08-08,23525.0,23555.0,23895.0
2023-08-09,23540.0,23570.0,23910.0
2023-08-10,23540.0,23570.0,23910.0
2023-08-11,23540.0,23570.0,23910.0
2023-08-12,23540.0,23570.0,23910.0
2023-08-13,23540.0,23570.0,23910.0
2023-08-14,23620.0,23650.0,23990.0
2023-08-15,23770.0,23800.0,24140.0
2023-08-16,23755.0,23785.0,24125.0
2023-08-17,23670.0,23700.0,24040.0
2023-08-18,23600.0,23630.0,23970.0
2023-08-19,23600.0,23630.0,23970.0
2023-08-20,23600.0,23630.0,23970.0
2023-08-21,23600.0,23630.0,23970.0
2023-08-22,23700.0,23730.0,24070.0
2023-08-23,23770.0,23800.0,24140.0
2023-08-24,23780.0,23810.0,24150.0
2023-08-25,23780.0,23810.0,24150.0
2023-08-26,23780.0,23810.0,24150.0
2023-08-27,23780.0,23810.0,24150.0
2023-08-28,23890.0,23920.0,24260.0
2023-08-29,23980.0,24010.0,24350.0
2023-08-30,23945.0,23975.0,24315.0
2023-08-31,23870.0,23900.0,24240.0
2023-09-01,23870.0,23900.0,24240.0
2023-09-02,23870.0,23900.0,24240.0
2023-09-03,23870.0,23900.0,24240.0
2023-09-04,23870.0,23900.0,24240.0
2023-09-05,23870.0,23900.0,24240.0
2023-09-06,23850.0,23880.0,24220.0
2023-09-07,23850.0,23880.0,24220.0
2023-09-08,23890.0,23920.0,24260.0
2023-09-09,23890.0,23920.0,24260.0
2023-09-10,23890.0,23920.0,24260.0
2023-09-11,23855.0,23885.0,24225.0
2023-09-12,23890.0,23920.0,24260.0
2023-09-13,23950.0,23980.0,24320.0
2023-09-14,24015.0,24045.0,24385.0
2023-09-15,24055.0,24085.0,24425.0
2023-09-16,24055.0,24085.0,24425.0
2023-09-17,24055.0,24085.0,24425.0
2023-09-18,24160.0,24190.0,24530.0
2023-09-19,24175.0,24205.0,24545.0
2023-09-20,24110.0,24140.0,24480.0
2023-09-21,24090.0,24120.0,24460.0
2023-09-22,24160.0,24190.0,24530.0
2023-09-23,24160.0,24190.0,24530.0
2023-09-24,24160.0,24190.0,24530.0
2023-09-25,24165.0,24195.0,24535.0
2023-09-26,24170.0,24200.0,24540.0
2023-09-27,24170.0,24200.0,24540.0
2023-09-28,24190.0,24220.0,24560.0
2023-09-29,24090.0,24120.0,24460.0
2023-09-30,24090.0,24120.0,24460.0
2023-10-01,24090.0,24120.0,24460.0
2023-10-02,24120.0,24150.0,24490.0
2023-10-03,24180.0,24210.0,24550.0
2023-10-04,24210.0,24240.0,24580.0
2023-10-05,24190.0,24220.0,24560.0
2023-10-06,24180.0,24210.0,24550.0
2023-10-07,24180.0,24210.0,24550.0
2023-10-08,24180.0,24210.0,24550.0
2023-10-09,24180.0,24210.0,24550.0
2023-10-10,24215.0,24245.0,24585.0
2023-10-11,24235.0,24265.0,24605.0
2023-10-12,24240.0,24270.0,24610.0
2023-10-13,24245.0,24275.0,24615.0
2023-10-14,24245.0,24275.0,24615.0
2023-10-15,24245.0,24275.0,24615.0
2023-10-16,24260.0,24290.0,24630.0
2023-10-17,24298.0,24328.0,24668.0
2023-10-18,24320.0,24350.0,24690.0
2023-10-19,24340.0,24370.0,24710.0
2023-10-20,24330.0,24360.0,24700.0
2023-10-21,24330.0,24360.0,24700.0
2023-10-22,24330.0,24360.0,24700.0
2023-10-23,24390.0,24420.0,24760.0
2023-10-24,24360.0,24390.0,24730.0
2023-10-25,24350.0,24380.0,24720.0
2023-10-26,24390.0,24420.0,24760.0
2023-10-27,24360.0,24390.0,24730.0
2023-10-28,24360.0,24390.0,24730.0
2023-10-29,24360.0,24390.0,24730.0
2023-10-30,24355.0,24385.0,24725.0
2023-10-31,24360.0,24390.0,24730.0
2023-11-01,24380.0,24410.0,24750.0
2023-11-02,24380.0,24410.0,24750.0
2023-11-03,24320.0,24350.0,24690.0
2023-11-04,24320.0,24350.0,24690.0
2023-11-05,24320.0,24350.0,24690.0
2023-11-06,24130.0,24160.0,24500.0
2023-11-07,24120.0,24150.0,24490.0
2023-11-08,24160.0,24190.0,24530.0
2023-11-09,24160.0,24190.0,24530.0
2023-11-10,24100.0,24130.0,24470.0
2023-11-11,24100.0,24130.0,24470.0
2023-11-12,24100.0,24130.0,24470.0
2023-11-13,24170.0,24200.0,24540.0
2023-11-14,24160.0,24190.0,24530.0
2023-11-15,24070.0,24100.0,24440.0
2023-11-16,24085.0,24115.0,24455.0
2023-11-17,24045.0,24075.0,24415.0
2023-11-18,24045.0,24075.0,24415.0
2023-11-19,24045.0,24075.0,24415.0
2023-11-20,23975.0,24005.0,24345.0
2023-11-21,23920.0,23950.0,24290.0
2023-11-22,23985.0,24015.0,24355.0
2023-11-23,24020.0,24050.0,24390.0
2023-11-24,24050.0,24080.0,24420.0
2023-11-25,24050.0,24080.0,24420.0
2023-11-26,24050.0,24080.0,24420.0
2023-11-27,24045.0,24075.0,24415.0
2023-11-28,24050.0,24080.0,24420.0
2023-11-29,24015.0,24045.0,24385.0
2023-11-30,24060.0,24090.0,24430.0
2023-12-01,24080.0,24110.0,24450.0
2023-12-02,24080.0,24110.0,24450.0
2023-12-03,24080.0,24110.0,24450.0
2023-12-04,24035.0,24065.0,24405.0
2023-12-05,24060.0,24090.0,24430.0
2023-12-06,24065.0,24095.0,24435.0
2023-12-07,24060.0,24090.0,24430.0
2023-12-08,24020.0,24050.0,24390.0
2023-12-09,24020.0,24050.0,24390.0
2023-12-10,24020.0,24050.0,24390.0
2023-12-11,24030.0,24060.0,24400.0
2023-12-12,24060.0,24090.0,24430.0
2023-12-13,24050.0,24080.0,24420.0
2023-12-14,24050.0,24080.0,24420.0
2023-12-15,24040.0,24070.0,24410.0
2023-12-16,24040.0,24070.0,24410.0
2023-12-17,24040.0,24070.0,24410.0
2023-12-18,24110.0,24140.0,24480.0
2023-12-19,24145.0,24175.0,24515.0
2023-12-20,24140.0,24170.0,24510.0
2023-12-21,24130.0,24160.0,24500.0
2023-12-22,24030.0,24060.0,24400.0
2023-12-23,24030.0,24060.0,24400.0
2023-12-24,24030.0,24060.0,24400.0
2023-12-25,24030.0,24060.0,24400.0
2023-12-26,24100.0,24130.0,24470.0
2023-12-27,24110.0,24140.0,24480.0
2023-12-28,24030.0,24060.0,24400.0
2023-12-29,24050.0,24080.0,24420.0
2023-12-30,24050.0,24080.0,24420.0
2023-12-31,24050.0,24080.0,24420.0
2024-01-01,24050.0,24080.0,24420.0
2024-01-02,24125.0,24155.0,24495.0
2024-01-03,24150.0,24180.0,24520.0
2024-01-04,24160.0,24190.0,24530.0
2024-01-05,24160.0,24190.0,24530.0
2024-01-06,24160.0,24190.0,24530.0
2024-01-07,24160.0,24190.0,24530.0
2024-01-08,24145.0,24175.0,24515.0
2024-01-09,24155.0,24185.0,24525.0
2024-01-10,24185.0,24215.0,24555.0
2024-01-11,24265.0,24295.0,24635.0
2024-01-12,24260.0,24290.0,24630.0
2024-01-13,24260.0,24290.0,24630.0
2024-01-14,24260.0,24290.0,24630.0
2024-01-15,24265.0,24295.0,24635.0
2024-01-16,24340.0,24370.0,24710.0
2024-01-17,24330.0,24360.0,24700.0
2024-01-18,24355.0,24385.0,24725.0
2024-01-19,24345.0,24375.0,24715.0
2024-01-20,24345.0,24375.0,24715.0
2024-01-21,24345.0,24375.0,24715.0
2024-01-22,24335.0,24365.0,24705.0
2024-01-23,24360.0,24390.0,24730.0
2024-01-24,24400.0,24430.0,24770.0
2024-01-25,24400.0,24430.0,24770.0
2024-01-26,24395.0,24425.0,24765.0
2024-01-27,24395.0,24425.0,24765.0
2024-01-28,24395.0,24425.0,24765.0
2024-01-29,24345.0,24375.0,24715.0
2024-01-30,24205.0,24235.0,24575.0
2024-01-31,24225.0,24255.0,24595.0
2024-02-01,24210.0,24240.0,24580.0
2024-02-02,24130.0,24160.0,24500.0
2024-02-03,24130.0,24160.0,24500.0
2024-02-04,24130.0,24160.0,24500.0
2024-02-05,24170.0,24200.0,24540.0
2024-02-06,24160.0,24190.0,24530.0
2024-02-07,24200.0,24230.0,24570.0
2024-02-08,24200.0,24230.0,24570.0
2024-02-09,24200.0,24230.0,24570.0
2024-02-10,24200.0,24230.0,24570.0
2024-02-11,24200.0,24230.0,24570.0
2024-02-12,24200.0,24230.0,24570.0
2024-02-13,24200.0,24230.0,24570.0
2024-02-14,24200.0,24230.0,24570.0
2024-02-15,24240.0,24270.0,24610.0
2024-02-16,24310.0,24340.0,24680.0
2024-02-17,24310.0,24340.0,24680.0
2024-02-18,24310.0,24340.0,24680.0
2024-02-19,24330.0,24360.0,24700.0
2024-02-20,24330.0,24360.0,24700.0
2024-02-21,24310.0,24340.0,24680.0
2024-02-22,24390.0,24420.0,24760.0
2024-02-23,24420.0,24450.0,24790.0
2024-02-24,24420.0,24450.0,24790.0
2024-02-25,24420.0,24450.0,24790.0
2024-02-26,24470.0,24500.0,24840.0
2024-02-27,24430.0,24460.0,24800.0
2024-02-28,24420.0,24450.0,24790.0
2024-02-29,24450.0,24480.0,24820.0
2024-03-01,24440.0,24470.0,24810.0
2024-03-02,24440.0,24470.0,24810.0
2024-03-03,24440.0,24470.0,24810.0
2024-03-04,24470.0,24500.0,24840.0
2024-03-05,24480.0,24510.0,24850.0
2024-03-06,24490.0,24520.0,24860.0
2024-03-07,24500.0,24530.0,24870.0
2024-03-08,24470.0,24500.0,24840.0
2024-03-09,24470.0,24500.0,24840.0
2024-03-10,24470.0,24500.0,24840.0
2024-03-11,24420.0,24450.0,24790.0
2024-03-12,24430.0,24460.0,24800.0
2024-03-13,24450.0,24480.0,24820.0
2024-03-14,24500.0,24530.0,24870.0
2024-03-15,24520.0,24550.0,24890.0
2024-03-16,24520.0,24550.0,24890.0
2024-03-17,24520.0,24550.0,24890.0
2024-03-18,24530.0,24560.0,24880.0
2024-03-19,24560.0,24590.0,24910.0
2024-03-20,24580.0,24610.0,24950.0
2024-03-21,24580.0,24610.0,24950.0
2024-03-22,24580.0,24610.0,24950.0
2024-03-23,24580.0,24610.0,24950.0
2024-03-24,24580.0,24610.0,24950.0
2024-03-25,24560.0,24590.0,24930.0
2024-03-26,24580.0,24610.0,24950.0
2024-03-27,24580.0,24610.0,24950.0
2024-03-28,24580.0,24610.0,24950.0
2024-03-29,24600.0,24630.0,24970.0
2024-03-30,24600.0,24630.0,24970.0
2024-03-31,24600.0,24630.0,24970.0
2024-04-01,24600.0,24630.0,24970.0
2024-04-02,24680.0,24710.0,25050.0
2024-04-03,24760.0,24790.0,25130.0
2024-04-04,24740.0,24770.0,25110.0
2024-04-05,24750.0,24780.0,25120.0
2024-04-06,24750.0,24780.0,25120.0
2024-04-07,24750.0,24780.0,25120.0
2024-04-08,24760.0,24790.0,25130.0
2024-04-09,24760.0,24790.0,25130.0
2024-04-10,24760.0,24790.0,25130.0
2024-04-11,24800.0,24830.0,25170.0
2024-04-12,24810.0,24840.0,25180.0
2024-04-13,24810.0,24840.0,25180.0
2024-04-14,24810.0,24840.0,25180.0
2024-04-15,24930.0,24960.0,25300.0
2024-04-16,24978.0,25008.0,25348.0
2024-04-17,25100.0,25130.0,25440.0
2024-04-18,25100.0,25130.0,25440.0
2024-04-19,25133.0,25163.0,25473.0
2024-04-20,25133.0,25163.0,25473.0
2024-04-21,25133.0,25163.0,25473.0
2024-04-22,25145.0,25175.0,25485.0
2024-04-23,25148.0,25178.0,25488.0
2024-04-24,25147.0,25177.0,25487.0
2024-04-25,25137.0,25167.0,25477.0
2024-04-26,25088.0,25118.0,25458.0
2024-04-27,25088.0,25118.0,25458.0
2024-04-28,25088.0,25118.0,25458.0
2024-04-29,25088.0,25118.0,25458.0
2024-04-30,25088.0,25118.0,25458.0
2024-05-01,25088.0,25118.0,25458.0
2024-05-02,25114.0,25144.0,25454.0
2024-05-03,25113.0,25143.0,25453.0
2024-05-04,25117.0,25147.0,25457.0
2024-05-05,25117.0,25147.0,25457.0
2024-05-06,25127.0,25157.0,25457.0
2024-05-07,25125.0,25155.0,25455.0
2024-05-08,25131.0,25161.0,25461.0
2024-05-09,25148.0,25178.0,25478.0
2024-05-10,25154.0,25184.0,25484.0
2024-05-11,25154.0,25184.0,25484.0
2024-05-12,25154.0,25184.0,25484.0
2024-05-13,25149.0,25179.0,25479.0
2024-05-14,25152.0,25182.0,25482.0
2024-05-15,25152.0,25182.0,25482.0
2024-05-16,25122.0,25152.0,25452.0
2024-05-17,25220.0,25250.0,25450.0
2024-05-18,25220.0,25250.0,25450.0
2024-05-19,25220.0,25250.0,25450.0
2024-05-20,25229.0,25259.0,25459.0
2024-05-21,25233.0,25263.0,25463.0
2024-05-22,25236.0,25266.0,25466.0
2024-05-23,25220.0,25250.0,25470.0
2024-05-24,25247.0,25277.0,25477.0
2024-05-25,25247.0,25277.0,25477.0
2024-05-26,25247.0,25277.0,25477.0
2024-05-27,25251.0,25281.0,25481.0
2024-05-28,25238.0,25268.0,25468.0
2024-05-29,25235.0,25265.0,25465.0
2024-05-30,25220.0,25250.0,25470.0
2024-05-31,25224.0,25254.0,25474.0
2024-06-01,25224.0,25254.0,25474.0
2024-06-02,25224.0,25254.0,25474.0
2024-06-03,25204.0,25234.0,25474.0
2024-06-04,25188.0,25218.0,25458.0
2024-06-05,25183.0,25213.0,25453.0
2024-06-06,25183.0,25213.0,25453.0
2024-06-07,25183.0,25213.0,25453.0
2024-06-08,25183.0,25213.0,25453.0
2024-06-09,25183.0,25213.0,25453.0
2024-06-10,25184.0,25214.0,25454.0
2024-06-11,25192.0,25222.0,25462.0
2024-06-12,25196.0,25226.0,25466.0
2024-06-13,25187.0,25217.0,25457.0
2024-06-14,25191.0,25221.0,25461.0
2024-06-15,25191.0,25221.0,25461.0
2024-06-16,25191.0,25221.0,25461.0
2024-06-17,25201.0,25231.0,25471.0
2024-06-18,25221.0,25251.0,25471.0
2024-06-19,25219.0,25249.0,25469.0
2024-06-20,25217.0,25247.0,25467.0
2024-06-21,25218.0,25248.0,25468.0
2024-06-22,25218.0,25248.0,25468.0
2024-06-23,25218.0,25248.0,25468.0
2024-06-24,25225.0,25255.0,25475.0
2024-06-25,25215.0,25245.0,25465.0
2024-06-26,25220.0,25250.0,25470.0
2024-06-27,25227.0,25257.0,25477.0
2024-06-28,25223.0,25253.0,25473.0
2024-06-29,25223.0,25253.0,25473.0
2024-06-30,25223.0,25253.0,25473.0
2024-07-01,25214.0,25244.0,25464.0
2024-07-02,25215.0,25245.0,25465.0
2024-07-03,25220.0,25250.0,25470.0
2024-07-04,25213.0,25243.0,25463.0
2024-07-05,25208.0,25238.0,25458.0
2024-07-06,25208.0,25238.0,25458.0
2024-07-07,25208.0,25238.0,25458.0
2024-07-08,25205.0,25235.0,25455.0
2024-07-09,25204.0,25234.0,25454.0
2024-07-10,25209.0,25239.0,25459.0
2024-07-11,25215.0,25245.0,25465.0
2024-07-12,25210.0,25240.0,25460.0
2024-07-13,25210.0,25240.0,25460.0
2024-07-14,25210.0,25240.0,25460.0
2024-07-15,25207.0,25237.0,25457.0
2024-07-16,25207.0,25237.0,25457.0
2024-07-17,25138.0,25168.0,25468.0
2024-07-18,25120.0,25150.0,25450.0
2024-07-19,25128.0,25158.0,25458.0
2024-07-20,25128.0,25158.0,25458.0
2024-07-21,25128.0,25158.0,25458.0
2024-07-22,25124.0,25154.0,25474.0
2024-07-23,25127.0,25157.0,25477.0
2024-07-24,25147.0,25177.0,25477.0
2024-07-25,25090.0,25120.0,25460.0
2024-07-26,25091.0,25121.0,25461.0
2024-07-27,25091.0,25121.0,25461.0
2024-07-28,25091.0,25121.0,25461.0
2024-07-29,25085.0,25115.0,25455.0
2024-07-30,25090.0,25120.0,25460.0
2024-07-31,25050.0,25080.0,25420.0
2024-08-01,25030.0,25060.0,25400.0
2024-08-02,25010.0,25040.0,25380.0
2024-08-03,25010.0,25040.0,25380.0
2024-08-04,25010.0,25040.0,25380.0
2024-08-05,24900.0,24930.0,25270.0
2024-08-06,24950.0,24980.0,25320.0
2024-08-07,24965.0,24995.0,25335.0
2024-08-08,24950.0,24980.0,25320.0
2024-08-09,24900.0,24930.0,25270.0
2024-08-10,24900.0,24930.0,25270.0
2024-08-11,24900.0,24930.0,25270.0
2024-08-12,24910.0,24940.0,25280.0
2024-08-13,24920.0,24950.0,25290.0
2024-08-14,24820.0,24850.0,25190.0
2024-08-15,24840.0,24870.0,25210.0
2024-08-16,24860.0,24890.0,25230.0
2024-08-17,24860.0,24890.0,25230.0
2024-08-18,24860.0,24890.0,25230.0
2024-08-19,24790.0,24820.0,25160.0
2024-08-20,24710.0,24740.0,25080.0
2024-08-21,24730.0,24760.0,25100.0
2024-08-22,24750.0,24780.0,25120.0
2024-08-23,24780.0,24810.0,25150.0
2024-08-24,24780.0,24810.0,25150.0
2024-08-25,24780.0,24810.0,25150.0
2024-08-26,24680.0,24710.0,25050.0
2024-08-27,24630.0,24660.0,25000.0
2024-08-28,24650.0,24680.0,25020.0
2024-08-29,24660.0,24690.0,25030.0
2024-08-30,24660.0,24690.0,25030.0
2024-08-31,24660.0,24690.0,25030.0
2024-09-01,24660.0,24690.0,25030.0
2024-09-02,24660.0,24690.0,25030.0
2024-09-03,24660.0,24690.0,25030.0
2024-09-04,24645.0,24675.0,25015.0
2024-09-05,24550.0,24580.0,24920.0
2024-09-06,24400.0,24430.0,24770.0
2024-09-07,24400.0,24430.0,24770.0
2024-09-08,24400.0,24430.0,24770.0
2024-09-09,24470.0,24500.0,24840.0
2024-09-10,24460.0,24490.0,24830.0
2024-09-11,24355.0,24385.0,24725.0
2024-09-12,24380.0,24410.0,24750.0
2024-09-13,24360.0,24390.0,24730.0
2024-09-14,24360.0,24390.0,24730.0
2024-09-15,24360.0,24390.0,24730.0
2024-09-16,24350.0,24380.0,24720.0
2024-09-17,24400.0,24430.0,24770.0
2024-09-18,24440.0,24470.0,24810.0
2024-09-19,24380.0,24410.0,24750.0
2024-09-20,24370.0,24400.0,24740.0
2024-09-21,24370.0,24400.0,24740.0
2024-09-22,24370.0,24400.0,24740.0
2024-09-23,24430.0,24460.0,24800.0
2024-09-24,24400.0,24430.0,24770.0
2024-09-25,24380.0,24410.0,24750.0
2024-09-26,24430.0,24460.0,24800.0
2024-09-27,24390.0,24420.0,24760.0
2024-09-28,24390.0,24420.0,24760.0
2024-09-29,24390.0,24420.0,24760.0
2024-09-30,24370.0,24400.0,24740.0
2024-10-01,24400.0,24430.0,24770.0
2024-10-02,24450.0,24480.0,24820.0
2024-10-03,24550.0,24580.0,24920.0
2024-10-04,24550.0,24580.0,24940.0
2024-10-05,24550.0,24580.0,24940.0
2024-10-06,24550.0,24580.0,24940.0
2024-10-07,24640.0,24670.0,25030.0
2024-10-08,24635.0,24665.0,25025.0
2024-10-09,24635.0,24665.0,25025.0
2024-10-10,24640.0,24670.0,25030.0
2024-10-11,24610.0,24640.0,25000.0
2024-10-12,24610.0,24640.0,25000.0
2024-10-13,24610.0,24640.0,25000.0
2024-10-14,24630.0,24660.0,25020.0
2024-10-15,24735.0,24765.0,25125.0
2024-10-16,24780.0,24810.0,25170.0
2024-10-17,24980.0,25010.0,25370.0
2024-10-18,24950.0,24980.0,25340.0
2024-10-19,24950.0,24980.0,25340.0
2024-10-20,24950.0,24980.0,25340.0
2024-10-21,25040.0,25070.0,25430.0
2024-10-22,25062.0,25092.0,25452.0
2024-10-23,25190.0,25220.0,25462.0
2024-10-24,25203.0,25233.0,25473.0
2024-10-25,25167.0,25197.0,25467.0
2024-10-26,25167.0,25197.0,25467.0
2024-10-27,25167.0,25197.0,25467.0
2024-10-28,25164.0,25194.0,25464.0
2024-10-29,25134.0,25164.0,25464.0
2024-10-30,25088.0,25118.0,25458.0
2024-10-31,25060.0,25090.0,25450.0
2024-11-01,25084.0,25114.0,25454.0
2024-11-02,25084.0,25114.0,25454.0
2024-11-03,25084.0,25114.0,25454.0
2024-11-04,25095.0,25125.0,25465.0
2024-11-05,25130.0,25160.0,25460.0
2024-11-06,25140.0,25170.0,25470.0
2024-11-07,25167.0,25197.0,25497.0
2024-11-08,25100.0,25130.0,25470.0
2024-11-09,25100.0,25130.0,25470.0
2024-11-10,25100.0,25130.0,25470.0
2024-11-11,25086.0,25116.0,25476.0
2024-11-12,25130.0,25160.0,25480.0
2024-11-13,25150.0,25180.0,25502.0
2024-11-14,25154.0,25184.0,25504.0
2024-11-15,25160.0,25190.0,25512.0
2024-11-16,25160.0,25190.0,25512.0
2024-11-17,25160.0,25190.0,25512.0
2024-11-18,25170.0,25200.0,25502.0
2024-11-19,25175.0,25205.0,25507.0
2024-11-20,25170.0,25200.0,25499.0
2024-11-21,25170.0,25200.0,25504.0
2024-11-22,25170.0,25200.0,25509.0
2024-11-23,25170.0,25200.0,25509.0
2024-11-24,25170.0,25200.0,25509.0
2024-11-25,25167.0,25197.0,25506.0
2024-11-26,25170.0,25200.0,25509.0
2024-11-27,25170.0,25200.0,25509.0
2024-11-28,25145.0,25175.0,25484.0
2024-11-29,25130.0,25160.0,25463.0
2024-11-30,25130.0,25160.0,25463.0
2024-12-01,25130.0,25160.0,25463.0
2024-12-02,25119.0,25149.0,25452.0
2024-12-03,25140.0,25170.0,25473.0
2024-12-04,25142.0,25172.0,25475.0
2024-12-05,25146.0,25176.0,25479.0
2024-12-06,25134.0,25164.0,25467.0
2024-12-07,25134.0,25164.0,25467.0
2024-12-08,25134.0,25164.0,25467.0
2024-12-09,25127.0,25157.0,25460.0
2024-12-10,25140.0,25170.0,25470.0
2024-12-11,25135.0,25165.0,25465.0
2024-12-12,25141.0,25171.0,25471.0
2024-12-13,25147.0,25177.0,25477.0
2024-12-14,25147.0,25177.0,25477.0
2024-12-15,25147.0,25177.0,25477.0
2024-12-16,25155.0,25185.0,25485.0
2024-12-17,25153.0,25183.0,25483.0
2024-12-18,25161.0,25191.0,25491.0
2024-12-19,25189.0,25219.0,25519.0
2024-12-20,25210.0,25240.0,25540.0
2024-12-21,25210.0,25240.0,25540.0
2024-12-22,25210.0,25240.0,25540.0
2024-12-23,25200.0,25230.0,25530.0
2024-12-24,25193.0,25223.0,25523.0
2024-12-25,25206.0,25236.0,25536.0
2024-12-26,25195.0,25225.0,25525.0
2024-12-27,25208.0,25238.0,25538.0
2024-12-28,25208.0,25238.0,25538.0
2024-12-29,25208.0,25238.0,25538.0
2024-12-30,25213.0,25243.0,25543.0
2024-12-31,25221.0,25251.0,25551.0
2025-01-01,25221.0,25251.0,25551.0
2025-01-02,25229.0,25259.0,25559.0
2025-01-03,25220.0,25250.0,25550.0
2025-01-04,25220.0,25250.0,25550.0
2025-01-05,25220.0,25250.0,25550.0
2025-01-06,25223.0,25253.0,25553.0
2025-01-07,25178.0,25208.0,25548.0
2025-01-08,25156.0,25186.0,25546.0
2025-01-09,25164.0,25194.0,25554.0
2025-01-10,25168.0,25198.0,25558.0
2025-01-11,25168.0,25198.0,25558.0
2025-01-12,25168.0,25198.0,25558.0
2025-01-13,25170.0,25200.0,25560.0
2025-01-14,25173.0,25203.0,25563.0
2025-01-15,25164.0,25194.0,25554.0
2025-01-16,25159.0,25189.0,25549.0
2025-01-17,25120.0,25150.0,25510.0
2025-01-18,25120.0,25150.0,25510.0
2025-01-19,25120.0,25150.0,25510.0
2025-01-20,25110.0,25140.0,25500.0
2025-01-21,25060.0,25090.0,25450.0
2025-01-22,24930.0,24960.0,25320.0
2025-01-23,24930.0,24960.0,25320.0
2025-01-24,24770.0,24800.0,25300.0
2025-01-25,24770.0,24800.0,25300.0
2025-01-26,24770.0,24800.0,25300.0
2025-01-27,24770.0,24800.0,25300.0
2025-01-28,24770.0,24800.0,25300.0
2025-01-29,24770.0,24800.0,25300.0
2025-01-30,24770.0,24800.0,25300.0
2025-01-31,24770.0,24800.0,25300.0
2025-02-01,24770.0,24800.0,25300.0
2025-02-02,24770.0,24800.0,25300.0
2025-02-03,25110.0,25140.0,25500.0
2025-02-04,24970.0,25000.0,25360.0
2025-02-05,24950.0,24980.0,25340.0
2025-02-06,25060.0,25090.0,25450.0
2025-02-07,25080.0,25110.0,25470.0
2025-02-08,25080.0,25110.0,25470.0
2025-02-09,25080.0,25110.0,25470.0
2025-02-10,25170.0,25200.0,25560.0
2025-02-11,25310.0,25340.0,25700.0
2025-02-12,25350.0,25380.0,25740.0
2025-02-13,25270.0,25300.0,25660.0
2025-02-14,25190.0,25220.0,25580.0
2025-02-15,25190.0,25220.0,25580.0
2025-02-16,25190.0,25220.0,25580.0
2025-02-17,25250.0,25280.0,25640.0
2025-02-18,25310.0,25340.0,25700.0
2025-02-19,25310.0,25340.0,25700.0
2025-02-20,25320.0,25350.0,25710.0
2025-02-21,25290.0,25320.0,25680.0
2025-02-22,25290.0,25320.0,25680.0
2025-02-23,25290.0,25320.0,25680.0
2025-02-24,25280.0,25310.0,25670.0
2025-02-25,25300.0,25330.0,25690.0
2025-02-26,25330.0,25360.0,25720.0
2025-02-27,25350.0,25380.0,25740.0
2025-02-28,25340.0,25370.0,25730.0
2025-03-01,25340.0,25370.0,25730.0
2025-03-02,25340.0,25370.0,25730.0
2025-03-03,25390.0,25420.0,25780.0
2025-03-04,25360.0,25390.0,25750.0
2025-03-05,25290.0,25320.0,25680.0
2025-03-06,25270.0,25300.0,25660.0
2025-03-07,25300.0,25330.0,25690.0
2025-03-08,25300.0,25330.0,25690.0
2025-03-09,25300.0,25330.0,25690.0
2025-03-10,25310.0,25340.0,25700.0
2025-03-11,25260.0,25290.0,25650.0
2025-03-12,25250.0,25280.0,25640.0
2025-03-13,25290.0,25320.0,25680.0
2025-03-14,25320.0,25350.0,25710.0
2025-03-15,25320.0,25350.0,25710.0
2025-03-16,25320.0,25350.0,25710.0
2025-03-17,25330.0,25360.0,25720.0
2025-03-18,25320.0,25350.0,25710.0
2025-03-19,25340.0,25370.0,25730.0
2025-03-20,25350.0,25380.0,25740.0
2025-03-21,25370.0,25400.0,25760.0
2025-03-22,25370.0,25400.0,25760.0
2025-03-23,25370.0,25400.0,25760.0
2025-03-24,25420.0,25450.0,25810.0
2025-03-25,25420.0,25450.0,25810.0
2025-03-26,25360.0,25390.0,25750.0
2025-03-27,25360.0,25390.0,25750.0
2025-03-28,25370.0,25400.0,25760.0
2025-03-29,25370.0,25400.0,25760.0
2025-03-30,25370.0,25400.0,25760.0
2025-03-31,25350.0,25380.0,25740.0
2025-04-01,25430.0,25460.0,25820.0
2025-04-02,25430.0,25460.0,25820.0
2025-04-03,25590.0,25620.0,25980.0
2025-04-04,25570.0,25600.0,25960.0
2025-04-05,25570.0,25600.0,25960.0
2025-04-06,25570.0,25600.0,25960.0
2025-04-07,25570.0,25600.0,25960.0
2025-04-08,25750.0,25780.0,26140.0
2025-04-09,25792.0,25822.0,26182.0
2025-04-10,25580.0,25610.0,25970.0
2025-04-11,25530.0,25560.0,25920.0
